Day,GroupID,GroupNumber,GroupType,MouseID,MouseNumber,SocialRank,NormalizedDavidScore,FollowNormalizedDavidScore,ApproachNormalizedDavidScore,DavidScoreRank,ClassicalDavidScore,FractionOfTimeOutside,TimeOutsideEntropy,StartOfDayPreference,EndOfDayPreference,StartOfDayApproachPreference,EndOfDayApproachPreference,VisitsOutsideRate,ForagingCorrelation,EloRating,ContactRate,MeanContactRateInterval,ContactRateOutside,FractionOfTimeInContactOutside,MedianContactDuration,MeanContactDuration,ContactDurationPareto,LocationDurationPareto,DiffBetweenApproachesAndChases,ApproachAndEscape,ApproachAndChase,FractionOfChasesPerContact,FractionOfEscapesPerContact,FractionOfFollowsPerContact,FractionOfBeingFollowedPerContact,FractionOfNAChasesPerContact,FractionOfNAEscapesPerContact,AggressiveChaseRateOutside,AggressiveEscapeRateOutside,FollowRateOutside,BeingFollowedRateOutside,NAChaseRateOutside,NAEscapeRateOutside,AggressiveChaseRate,AggressiveEscapeRate,FollowRate,BeingFollowedRate,NAChaseRate,NAEscapeRate,NumberOfApproachs,ApproachRateOutside,NumberOfApproachesPerCoupleOut,NumberOfApproachesPerMiceOut,FractionOfApproachesPerContact,RatioBetweenApproachesAndBeingApproached,ApproachRate,ApproachEntropy,FractionOfBeingApproachedPerContact,BeingApproachedRateOutside,BeingApproachedRate,FractionOfApproachEscapeBehaviorPerAggression,Entropy,EntropyOutside,FractionOfTimeNearFoodOrWater,FoodOrWaterPerTimeOutside,FractionOfTimeInFeederOutside,FractionOfTimeInWaterOutside,ProximateVsDistantFood,ProximateVsDistantWater,FractionOfTimeAtHighPlace,HighPlacePerTimeOutside,FractionOfTimeInTheOpenOutside,FractionOfTimeInSmallNestOutside,FractionOfTimeOnRampOutside,FractionOfTimeInLabyrinthOutside,DistanceFromWallsInOpen,DistanceFromNest,FractionOfTimeAloneOutside,FractionOfTimeAloneInShelter,MeanNumberOfOtherMiceOutsideTogether,MeanNumberOfOtherMiceShelteredTogether,MedianSpeedOutside,MeanSpeedOutside,MeanTimeInLocations,StdTimeInLocations,TangentialVelocity,AngularVelocity,DistanceOutside,GridEntropy6x6,GridMI6x6,GroupGridMultiInfo6x6,NumberOfLeaves,LeavesRateOutside,FractionOfLeavesPerContact,LeaveRate,GroupPotts2nd,GroupPotts3rd,GroupPotts4th,GroupPotts2ndFraction,GroupPotts3rdFraction,GroupPotts4thFraction,GroupForagingMultiInfo,GroupForage2nd,GroupForage3rd,GroupForage4th,GroupForage2ndFraction,GroupForage3rdFraction,GroupForage4thFraction,PairwiseContactRate_1,PairwiseContactRate_2,PairwiseContactRate_3,PairwiseContactRate_4,PairwiseApproachRate_1,PairwiseApproachRate_2,PairwiseApproachRate_3,PairwiseApproachRate_4,PairwiseBeingApproachedRate_1,PairwiseBeingApproachedRate_2,PairwiseBeingApproachedRate_3,PairwiseBeingApproachedRate_4,PairwiseChaseRate_1,PairwiseChaseRate_2,PairwiseChaseRate_3,PairwiseChaseRate_4,PairwiseEscapeRate_1,PairwiseEscapeRate_2,PairwiseEscapeRate_3,PairwiseEscapeRate_4,PairwiseContactCount_1,PairwiseContactCount_2,PairwiseContactCount_3,PairwiseContactCount_4,PairwiseApproachCount_1,PairwiseApproachCount_2,PairwiseApproachCount_3,PairwiseApproachCount_4,PairwiseBeingApproachedCount_1,PairwiseBeingApproachedCount_2,PairwiseBeingApproachedCount_3,PairwiseBeingApproachedCount_4,PairwiseChaseCount_1,PairwiseChaseCount_2,PairwiseChaseCount_3,PairwiseChaseCount_4,PairwiseEscapeCount_1,PairwiseEscapeCount_2,PairwiseEscapeCount_3,PairwiseEscapeCount_4,PairwiseFractionTimeOutside_1,PairwiseFractionTimeOutside_2,PairwiseFractionTimeOutside_3,PairwiseFractionTimeOutside_4,PairwiseForagingCorr_1,PairwiseForagingCorr_2,PairwiseForagingCorr_3,PairwiseForagingCorr_4,SegsMeanContactDuration_1,SegsMeanContactDuration_2,SegsMeanContactDuration_3,SegsMeanContactDuration_4,SegsMeanContactDuration_5,SegsMeanContactDuration_6,SegsAggressiveChases_1,SegsAggressiveChases_2,SegsAggressiveChases_3,SegsAggressiveChases_4,SegsAggressiveChases_5,SegsAggressiveChases_6,SegsAggressiveEscapes_1,SegsAggressiveEscapes_2,SegsAggressiveEscapes_3,SegsAggressiveEscapes_4,SegsAggressiveEscapes_5,SegsAggressiveEscapes_6,SegsApproaches_1,SegsApproaches_2,SegsApproaches_3,SegsApproaches_4,SegsApproaches_5,SegsApproaches_6,SegsBeingApproached_1,SegsBeingApproached_2,SegsBeingApproached_3,SegsBeingApproached_4,SegsBeingApproached_5,SegsBeingApproached_6,SegsPercentageOfTimeOutside_1,SegsPercentageOfTimeOutside_2,SegsPercentageOfTimeOutside_3,SegsPercentageOfTimeOutside_4,SegsPercentageOfTimeOutside_5,SegsPercentageOfTimeOutside_6,SegsEntropy_1,SegsEntropy_2,SegsEntropy_3,SegsEntropy_4,SegsEntropy_5,SegsEntropy_6,SegsHighPlace_1,SegsHighPlace_2,SegsHighPlace_3,SegsHighPlace_4,SegsHighPlace_5,SegsHighPlace_6,SegsFoodOrWater_1,SegsFoodOrWater_2,SegsFoodOrWater_3,SegsFoodOrWater_4,SegsFoodOrWater_5,SegsFoodOrWater_6,SegsDistanceFromWalls_1,SegsDistanceFromWalls_2,SegsDistanceFromWalls_3,SegsDistanceFromWalls_4,SegsDistanceFromWalls_5,SegsDistanceFromWalls_6,SegsDistanceFromNest_1,SegsDistanceFromNest_2,SegsDistanceFromNest_3,SegsDistanceFromNest_4,SegsDistanceFromNest_5,SegsDistanceFromNest_6,SegsSpeed_1,SegsSpeed_2,SegsSpeed_3,SegsSpeed_4,SegsSpeed_5,SegsSpeed_6,SegsDistance_1,SegsDistance_2,SegsDistance_3,SegsDistance_4,SegsDistance_5,SegsDistance_6,ID1,ID2,ID3,ID4,ID5
2,11,1,THREE_CHAMBER-exp,1,1,1,1.1375,1.14388888888889,1.6079437860875,3,-1.45,0.487787637016708,3.2224086453422,0.341913763213725,0.262287829022641,0.362445414847162,0.161572052401747,15.1798156581472,0.215671945764437,886.667776261379,45.5394469744416,2188.4520295203,93.3591659947745,0.107916235369058,2.8676012,4.16133159705341,0.501845018450184,0.175771088814567,224,0.00436681222707424,0,0.00920810313075507,0.0202578268876611,0.0460405156537753,0.0810313075506446,0.0368324125230203,0.0607734806629834,0.859660828681165,1.89125382309856,4.29830414340582,7.56501529239425,3.43864331472466,5.67376146929569,0.41933192425821,0.922530233368063,2.09665962129105,3.69012093347225,1.67732769703284,2.76759070010419,229,39.3724659535973,155.07319640454,46.9478149494356,0.421731123388582,1.12254901960784,19.205402131026,1.58242327332346,0.375690607734807,35.0741618101915,17.108742509735,0.125,2.19955010422625,2.46004693079314,0.161063523862716,0.330191894259097,0.235759216498129,0.0944326777609682,0.298031004086595,0.293310173864652,0.0398572874517514,0.0817103272553547,0.473297237041166,0.0552639541364758,0.0815415240066884,0.0595365873079067,9.419168,37.86647,0.161356795923242,0.102031717048862,1.69603312365634,1.69603312365634,0.00879934150725603,0.0285275770136181,3.88908710845254,14.4614387997147,0.0152455104881201,0.191452700634648,594.086791308597,3.28670931517082,0.65906237990292,2.31994439952719,171,29.4004003408958,0.314917127071823,14.3411518096308,0.393726823210116,0.666809904430417,0.730803656210922,0.538758693753005,0.912433727942331,1,0.243934234557917,0.222669920182017,0.235333539162862,0.243934234557917,0.912827674990198,0.964741745205865,1,0,12.8315568823012,16.6055442006251,16.1023458915153,0,6.70931078813137,5.87064693961494,6.62544440327972,0,3.77398731832389,6.03837970931823,7.29637548209286,0,0.251599154554926,0.0838663848516421,0.0838663848516421,0,0.0838663848516421,0.335465539406568,0.503198309109852,0,153,198,192,0,80,70,79,0,45,72,87,0,3,1,1,0,1,4,6,0,0.279216184031762,0.302452415556693,0.245635390101939,1,0.0897626490923853,0.301019179743042,0.256234008457883,2.37985359361702,3.64803571891892,3.12720961428571,3.97697174594595,3.60509644705882,2.4341266,1,1,0,2,1,0,1,1,1,7,0,1,35,29,28,72,40,0,47,36,35,74,36,1,0.512451627808475,0.501613956439385,0.310985041448618,0.862653927911489,0.71110545084055,0.0665381889271337,2.22225990976224,2.27226941784127,1.69480599723957,2.45296801615312,2.27973447855675,0.491345646893078,0.0437611905816215,0.0325431044463689,0.0243690084749687,0.0485715211944667,0.0884036493308017,0.00163067900176502,0.211591035983135,0.262905862575198,0.114805724077247,0.280629280921044,0.0657620525170194,0.0325579887056949,9.05770015716553,8.35499572753906,9.07527637481689,8.68535137176514,10.9929151535034,8.47737312316895,38.9698257446289,37.6161880493164,37.6882362365723,38.2580795288086,36.5526657104492,42.002498626709,0.034363735520805,0.0276081289821822,0.0281952512184004,0.0279296502622826,0.0259464429475103,0.0324535732327392,112.231960210949,99.3892643358558,62.5652624536306,172.661097921431,131.807930173352,15.4803544320166,-0.037538,0.1061112,0.1993048,0.4209404,-0.08766652
2,11,1,THREE_CHAMBER-exp,2,2,1,0.8625,0.990925925925926,1.28656703816278,4,-2.55,0.526486724983163,3.16564014033831,0.303583120445641,0.268348376344398,0.373563218390805,0.224137931034483,39.7526664196783,0.199031387649445,879.901579864437,41.010662192453,1726.03893442623,77.8949596378987,0.112355389520618,2.7675686,5.19262612310838,0.42827868852459,0.157452138128467,170,0,0,0.0081799591002045,0.0204498977505112,0.0449897750511247,0.0961145194274029,0.0368098159509202,0.0756646216768916,0.637177583950092,1.59294395987523,3.50447671172551,7.48683661141358,2.86729912777541,5.89389265153835,0.335465539406568,0.838663848516421,1.84506046673613,3.94172008802718,1.50959492732956,3.10305623951076,174,27.717224901829,120.745817668418,34.9227233518447,0.355828220858896,0.756521739130435,14.5927509641857,1.56446165601428,0.470347648261759,36.6377110771303,19.2892685158777,0.142857142857143,2.31113068227171,2.49418608932807,0.186293008157111,0.353841795656042,0.267150017188747,0.0866917784672949,0.506395458009786,0.629984512483619,0.0345603308519952,0.0656433091510529,0.45867102213291,0.0536347929751877,0.0655370782670792,0.0682090800848077,9.664976,37.16928,0.206326934398003,0.0855121773566458,1.6103982330263,1.6103982330263,0.0072721519973129,0.025165890420965,4.04244441992844,16.0385551667563,0.0167680707321534,0.212225287155516,560.243052551523,3.43439978367644,0.668768303688152,2.31994439952719,149,23.7348650021409,0.304703476482618,12.4960913428947,0.393726823210116,0.666809904430417,0.730803656210922,0.538758693753005,0.912433727942331,1,0.243934234557917,0.222669920182017,0.235333539162862,0.243934234557917,0.912827674990198,0.964741745205865,1,12.8315568823012,0,14.1734190399275,14.0056862702242,3.77398731832389,0,5.70291416991166,5.11584947595017,6.70931078813137,0,5.95451332446659,6.62544440327972,0.0838663848516421,0,0.251599154554926,0,0.251599154554926,0,0.335465539406568,0.251599154554926,153,0,169,167,45,0,68,61,80,0,71,79,1,0,3,0,3,0,4,3,0.279216184031762,0,0.326360573677722,0.242276533915204,0.0897626490923853,1,0.324910542164283,0.182420971691666,3.05418161323529,3.80401748333333,6.71044647964602,3.29889440373832,4.90469119175258,NaN,0,0,2,1,1,0,2,1,1,4,2,0,71,21,51,54,33,0,53,12,42,28,39,0,0.561776823703818,0.411116617036155,0.866493771129533,0.501243464286872,0.398193859121011,0.459226076039674,2.28035954633679,2.01996241489444,2.59217190317803,2.15679885488693,1.79395763022808,1.97994942270971,0.0519387381837084,0.0241051456728832,0.0429491038762562,0.0229149396329349,0.0507432964386607,0.0153617374143546,0.176575345103098,0.241107030551709,0.353559023757699,0.218368074691218,0.0424257861343954,0.0853234257230347,10.0701026916504,10.2170600891113,9.85213565826416,8.29394912719727,10.0600366592407,9.5573034286499,40.4428558349609,35.7454719543457,40.119270324707,29.5915508270264,38.4994697570801,36.4115295410156,0.0373748864333086,0.0209413481880066,0.0223699323011946,0.0222757577301217,0.0275426679478023,0.0220023965925313,133.091970589012,61.4000328872353,137.530343787745,78.2547369059175,77.4224396012723,72.5198991689831,-0.993209,0.1911949,0.2294045,0.1315251,-1.188763
2,11,1,THREE_CHAMBER-exp,3,3,1,1.66964285714286,1.5505698005698,1.39985014985015,2,0.678571428571428,0.466171020466185,3.09215471910858,0.394395843998056,0.192460062729234,0.38265306122449,0.209183673469388,20.2117987492457,0.286038182288411,979.088499261501,44.1975848168154,2161.69961977186,94.8098077238187,0.14542709649038,2.9009454,5.52197668083491,0.416349809885932,0.155418852903926,186,0,0,0.0189753320683112,0.015180265654649,0.0759013282732448,0.0702087286527514,0.0569259962049336,0.0550284629981025,1.7990475848922,1.43923806791376,7.19619033956878,6.65647606410112,5.39714275467659,5.21723799618737,0.838663848516421,0.670931078813137,3.35465539406568,3.10305623951076,2.51599154554926,2.43212516069762,196,35.261332663887,126.977782930401,38.3684841446635,0.371916508538899,0.875,16.4378114309218,1.57161581513292,0.425047438330171,40.2986659015852,18.7860702067678,0.166666666666667,2.15544161696914,2.48566755536528,0.171999226313422,0.368961644465625,0.283272401278407,0.0856892431872186,0.506905963599572,0.402399657747355,0.0372247334238039,0.0798520967403295,0.45694042211417,0.0473337088125414,0.0797587823809159,0.0469121278673336,9.421895,38.5187,0.0809818670203725,0.0721747443689876,1.845624722973,1.845624722973,0.00736232870258391,0.0290473213514805,3.61952256099855,15.693444691162,0.0160736256619183,0.205340259147241,576.821707397699,3.15874757751203,0.663772447704957,2.31994439952719,174,31.3034279771242,0.330170777988615,14.5927509641857,0.393726823210116,0.666809904430417,0.730803656210922,0.538758693753005,0.912433727942331,1,0.243934234557917,0.222669920182017,0.235333539162862,0.243934234557917,0.912827674990198,0.964741745205865,1,16.6055442006251,14.1734190399275,0,13.4186215762627,6.03837970931823,5.95451332446659,0,4.44491839713703,5.87064693961494,5.70291416991166,0,7.21250909724122,0.335465539406568,0.335465539406568,0,0.167732769703284,0.0838663848516421,0.251599154554926,0,0.335465539406568,198,169,0,160,72,71,0,53,70,68,0,86,4,4,0,2,1,3,0,4,0.302452415556693,0.326360573677722,0,0.231563771271526,0.301019179743042,0.324910542164283,1,0.232184824957908,2.86926841,3.44112144,6.77321191369863,3.870594736,5.92415286666667,7.59136286666667,2,2,2,3,1,0,1,1,2,2,1,1,53,29,75,31,33,3,46,29,42,38,41,0,0.565290425675285,0.554344252045811,0.875237345436021,0.297398681974167,0.52348446255731,0.0226997929222972,2.33570753396308,2.3925032855173,2.60179201757436,1.45664803012335,2.090634902248,0.197170244934088,0.0479197551067557,0.057676365842476,0.0681980271384245,0.012795872717421,0.0327235678229056,0.00442877592524819,0.218387208563563,0.267314719190104,0.282744407909971,0.132015616244228,0.13050988746353,0.00272397515067567,9.65893936157227,8.9014892578125,9.0832633972168,7.88941669464111,11.0536108016968,7.43614482879639,38.8434066772461,41.147045135498,39.982723236084,33.9039916992188,35.4092140197754,42.814567565918,0.041769243763956,0.0263198103873708,0.0271879552810055,0.0265914128781388,0.0238236167408367,0.0350887895580016,151.455277888104,104.700205720961,169.489713221788,56.5333437789232,89.1003266107291,5.36858480237424,-0.1054058,-0.2301712,0.5612611,0.2262361,0.04492794
2,11,1,THREE_CHAMBER-exp,4,4,1,2.33035714285714,2.31461538461538,1.70563902589957,1,3.32142857142857,0.376362010746165,3.14593227761019,0.3672582257272,0.119814392412325,0.28968253968254,0.111111111111111,30.9466960102559,0.223613268369152,1254.34214461268,43.5266537380022,2241.88416988417,115.651028783983,0.147975158253648,2.8676012,4.60618963198459,0.472972972972973,0.216590774104138,239,0,0,0.0250481695568401,0.00578034682080925,0.109826589595376,0.0308285163776493,0.0847784200385356,0.0250481695568401,2.89684657840419,0.668503056554812,12.7015580745414,3.565349634959,9.80471149613725,2.89684657840419,1.09026300307135,0.251599154554926,4.7803839365436,1.34186215762627,3.69012093347225,1.09026300307135,252,56.1542567506042,364.785080921712,65.5917512879013,0.485549132947977,1.30569948186528,21.1343289826138,1.58365479592368,0.371868978805395,43.0070299716929,16.1862122763669,0.125,1.82934437667786,2.32199929970826,0.0984896799065983,0.261688685612385,0.194048795992628,0.0676398896197578,0.37259886404731,0.411723422433785,0.0443922093800953,0.117950824239897,0.535930337435785,0.0483749460792104,0.117602016069943,0.0360552066327215,10.3982,35.62259,0.143882338129274,0.117408785854147,1.91165865508651,1.91165865508651,0.0161079671233892,0.0395977473769856,3.19672667054632,9.6207464878063,0.0123266342518812,0.16837710283055,631.18809318915,2.77577131387835,0.658289147737343,2.31994439952719,165,36.7676681105147,0.317919075144509,13.8379535005209,0.393726823210116,0.666809904430417,0.730803656210922,0.538758693753005,0.912433727942331,1,0.243934234557917,0.222669920182017,0.235333539162862,0.243934234557917,0.912827674990198,0.964741745205865,1,16.1023458915153,14.0056862702242,13.4186215762627,0,7.29637548209286,6.62544440327972,7.21250909724122,0,6.62544440327972,5.11584947595017,4.44491839713703,0,0.503198309109852,0.251599154554926,0.335465539406568,0,0.0838663848516421,0,0.167732769703284,0,192,167,160,0,87,79,86,0,79,61,53,0,6,3,4,0,1,0,2,0,0.245635390101939,0.242276533915204,0.231563771271526,0,0.256234008457883,0.182420971691666,0.232184824957908,1,3.18675282857143,3.86411643428571,5.86542856692913,3.813242712,2.9538793175,6.8188889,2,0,2,7,0,2,1,0,2,0,0,0,41,17,39,60,35,1,54,19,74,77,25,3,0.653063090814578,0.199505392976395,0.534450979484092,0.644072820232577,0.219700828972352,0.055563533940823,2.56507311315853,1.2250896582373,2.35974325884918,1.97579884010634,1.00311933456912,0.431669529532296,0.129844438882578,0.0345020817027819,0.0541193905432316,0.0394944634578959,0.00739591534293521,0.00421567582842663,0.202311276255752,0.0604735815939499,0.199268281387487,0.088742132830699,0.0139628583337193,0.0300841745382445,10.3424606323242,10.0904026031494,10.462700843811,10.2611532211304,10.9173040390015,10.1474027633667,38.1259574890137,32.0553512573242,37.9817123413086,32.1351318359375,36.9673233032227,34.2398071289062,0.0401988548545317,0.0408654893386536,0.0352305970704044,0.0427045225165374,0.0405323905528996,0.0322168256368553,170.000957179815,58.151591328904,134.686572600156,193.793123180047,61.9334927648306,12.8545134291053,1.840779,-0.3554216,-0.2235399,0.2891535,0.2406541
3,11,1,THREE_CHAMBER-exp,1,1,1,0.957142857142857,1.26102941176471,1.4211743048569,4,-2.17142857142857,0.480519059480647,3.14743450354306,0.205726030172163,0.370709831581152,0.134751773049645,0.439716312056738,11.6672879182844,0.0892288844411841,826.746380962664,35.251877067388,2425.81042654028,73.3620787185607,0.165940842812416,3.2344165,8.14299491725768,0.319905213270142,0.131488680539675,141,0,0,0,0.00945626477541371,0.0378250591016548,0.0543735224586288,0.0378250591016548,0.0449172576832151,0,0.693731240837454,2.77492496334981,3.98895463481536,2.77492496334981,3.29522339397791,0,0.333351083379556,1.33340433351822,1.91676872943245,1.33340433351822,1.58341764605289,141,24.4540262395202,104.188655923933,30.6888563994637,0.333333333333333,0.854545454545454,11.7506256891293,1.54453293998229,0.390070921985816,28.616413684545,13.7507321894067,0.5,2.10197019091545,2.29557074215129,0.137497809720902,0.286144341224492,0.198883232585448,0.0872611086390441,0.198680203865694,0.238765854825942,0.0259730435500816,0.0540520569114441,0.516912954148601,0.0565371535603387,0.0539926202107272,0.0863534941551233,9.779922,38.45723,0.203162675037068,0.0750803137063772,1.58474950643442,1.58474950643442,0.00677085691131651,0.0224978564608852,4.74533248582533,18.9681788130995,0.0171346665928789,0.210018552297794,464.940701620653,3.25834914265915,0.667618233142516,2.40865207542493,135,23.4134293782641,0.319148936170213,11.25059906406,0.406271292979849,0.726278253250236,0.770569698202304,0.527234971641964,0.94252116965487,1,0.208003628180486,0.124900336037263,0.204321902418011,0.208003628180486,0.600471910657662,0.982299704122081,1,0,7.00037275097067,12.2506523141987,16.0008520022187,0,2.66680866703645,4.33356408393422,4.75025293815867,0,2.41679535450178,4.75025293815867,6.58368389674622,0,0,0,0,0,0,0.333351083379556,0,0,84,147,192,0,32,52,57,0,29,57,79,0,0,0,0,0,0,4,0,0,0.233625396276487,0.277174705923673,0.25070224014413,1,0.110395425595578,0.272157294793397,-0.114866067065422,2.7809313,8.33056758333333,5.35204874615385,9.3905010862069,5.31116831690141,8.37058098333333,0,0,0,0,0,0,0,0,0,2,2,0,1,13,29,54,56,12,3,16,21,39,56,6,0.256386388055278,0.336752698828771,0.473106776332852,0.748091956578119,0.926039819012907,0.142648673439606,1.45900219800219,1.77991005701019,2.01525874089535,2.53422246352483,2.23599955933995,0.846473853658217,0.0229937757030121,0.029949936784191,0.0274119150828054,0.0370030750991071,0.0375589898437898,0.000912632783437336,0.0936608499129339,0.141932227095268,0.179962765366233,0.224056166870438,0.173243735151232,0.012091226217114,8.65270328521729,8.686279296875,8.4608907699585,8.29629039764404,12.1119890213013,8.26459980010986,38.7952003479004,36.0288925170898,44.2875366210938,35.7099304199219,37.1356582641602,47.2364616394043,0.0295811795762607,0.0269916120653825,0.0203943018631033,0.0198094842309303,0.0223054872001734,0.0216487627421884,54.458951599896,65.0497850775719,69.2998377308249,106.04016908817,148.086129521951,22.1683330480009,-0.2915614,0.3480632,0.3233292,0.4011064,0.1603291
3,11,1,THREE_CHAMBER-exp,2,2,1,1.7375,1.6875,1.37745480326126,2,0.95,0.42937729689841,3.06436632649957,0.136953852041492,0.410191875939045,0.146788990825688,0.376146788990826,26.9180999828991,0.0874138579757685,1092.96521295407,25.4180201076911,3118.78947368421,59.19740119307,0.156974204369563,3.33445,9.54614770819672,0.286184210526316,0.132900745013218,105,0,0,0.0131147540983607,0.019672131147541,0.059016393442623,0.0557377049180328,0.0459016393442623,0.0360655737704918,0.776359359909114,1.16453903986367,3.49361711959101,3.29952727961374,2.7172577596819,2.13498823975006,0.333351083379556,0.500026625069333,1.500079875208,1.41674210436311,1.16672879182844,0.916715479293778,109,21.1557925575234,90.4727168641476,25.9664161549466,0.357377049180328,0.819548872180451,9.08381702209289,1.56936076896345,0.436065573770492,25.8139487169781,11.0839235223702,0.4,2.03025902979652,2.43305444492253,0.138770680287179,0.32319053962467,0.260074030529054,0.0631165090956159,0.451627173943097,0.597596057990829,0.0179189917074297,0.0417325085347241,0.458667486431631,0.0682112764423639,0.0415868923896688,0.108198188966611,9.660538,36.5269,0.185263286574371,0.104606081921974,1.64831363919915,1.64831363919915,0.00597039656713605,0.0193339027481652,4.45588914752523,19.2338750810152,0.0168842224512935,0.219187888878374,354.661112012342,2.95147929641694,0.669484584030794,2.40865207542493,77,14.9449176782505,0.252459016393443,6.41700835505645,0.406271292979849,0.726278253250236,0.770569698202304,0.527234971641964,0.94252116965487,1,0.208003628180486,0.124900336037263,0.204321902418011,0.208003628180486,0.600471910657662,0.982299704122081,1,7.00037275097067,0,7.91708823026445,10.500559126456,2.41679535450178,0,3.25017306295067,3.41684860464045,2.66680866703645,0,3.16683529210578,5.250279563228,0,0,0.0833377708448889,0.250013312534667,0,0,0,0.500026625069333,84,0,95,126,29,0,39,41,32,0,38,63,0,0,1,3,0,0,0,6,0.233625396276487,0,0.24580450591549,0.228318552648134,0.110395425595578,1,0.237848573682497,-0.0860024253507695,NaN,6.59622608974359,3.93005175862069,11.0265740211864,9.03565004255319,7.4958436,0,1,0,2,0,1,0,4,0,2,0,0,0,24,9,52,39,9,0,16,9,43,28,13,3.70493868326479e-05,0.352799788817517,0.400351042940239,0.766343410766552,0.472956137954031,0.583844083406298,0.000598824019984002,1.81459721363718,1.85393406424647,2.55287720136546,2.10468493623478,2.18318729238412,0,0.0354981081569234,0.0116381386388055,0.0222527879663592,0.021914813802813,0.0162096553768895,0,0.133503452555725,0.266820421622022,0.208977066429551,0.0968475456983147,0.126471446638778,6.3219633102417,10.2143831253052,9.76519203186035,7.77522802352905,11.1493730545044,10.3761196136475,46.9112091064453,35.838809967041,33.2125511169434,35.1711006164551,38.1750869750977,39.6602935791016,NaN,0.0324454320539797,0.0132503127989126,0.0152934647509078,0.0169466918981155,0.022802142989227,0,81.5029253195971,37.8296430408955,83.3035024981946,56.8561513181776,95.1533426940441,-0.9202404,0.1468212,-0.274962,-0.07071652,-0.8559577
3,11,1,THREE_CHAMBER-exp,3,3,2,1.27142857142857,1.069774718398,1.28314393939394,3,-0.914285714285714,0.436481906171917,2.95708651335585,0.310768361640792,0.163204533245914,0.18,0.233333333333333,28.5848553997969,0.19833369672407,1088.62763945032,40.5854944014609,2043.85802469136,92.9832229642882,0.268789536325228,3.734584,10.4066335831622,0.302469135802469,0.139005113900511,144,0,0,0.0123203285420945,0.0246406570841889,0.0431211498973306,0.102669404517454,0.0308008213552361,0.0780287474332649,1.14558385582285,2.29116771164571,4.00954349537999,9.54653213185711,2.86395963955713,7.2553644202114,0.500026625069333,1.00005325013867,1.75009318774267,4.16688854224445,1.25006656267333,3.16683529210578,150,28.6395963955713,79.0071755592662,29.518961928628,0.308008213552361,0.617283950617284,12.5006656267333,1.56301362008186,0.498973305954825,46.3961461608256,20.251078315308,0.222222222222222,1.98899094442221,2.29256629219376,0.133967118410926,0.306924792337579,0.247769519029606,0.0591552733079735,0.413528521669617,0.430941704035874,0.0219259481110338,0.0502333494263972,0.514307794878869,0.0359140595018931,0.0500989458158918,0.0926200038552615,9.357566,35.90635,0.0297898528811006,0.0778304083634232,1.82649024424319,1.82649024424319,0.00611013965681195,0.0231498808612205,4.38124102544736,20.2161640495893,0.0181181499082264,0.226929385636823,431.32858020626,3.02842764444052,0.673626857254383,2.40865207542493,131,25.0119141854656,0.268993839835729,10.9172479806804,0.406271292979849,0.726278253250236,0.770569698202304,0.527234971641964,0.94252116965487,1,0.208003628180486,0.124900336037263,0.204321902418011,0.208003628180486,0.600471910657662,0.982299704122081,1,12.2506523141987,7.91708823026445,0,20.4177538569978,4.75025293815867,3.16683529210578,0,4.58357739646889,4.33356408393422,3.25017306295067,0,12.6673411684231,0.333351083379556,0,0,0.166675541689778,0,0.0833377708448889,0,0.916715479293778,147,95,0,245,57,38,0,55,52,39,0,152,4,0,0,2,0,1,0,11,0.277174705923673,0.24580450591549,0,0.274250731572516,0.272157294793397,0.237848573682497,1,0.0849952216963153,8.56602655263158,8.38082861538462,8.32015721126761,10.4778816747312,8.74689474568966,5.010011125,0,0,1,2,3,0,4,3,4,1,0,0,11,57,36,78,57,4,3,24,27,61,35,0,0.157297802971361,0.656555224682416,0.495155792671631,0.882423770886592,0.414227956670541,0.0131150426899041,1.00289999166884,2.50549272891298,2.14036573681412,2.26246402059026,1.79159948831072,0.120296938180663,0.0241608313882405,0.0403932810625813,0.0276342114038013,0.0286113889815124,0.010739740745715,9.26530744606433e-06,0.0350440887703308,0.29716987685653,0.204160646141306,0.192064021340447,0.072635659273736,0.00268693915935866,9.29870223999023,8.66785335540771,9.35197830200195,8.82761001586914,11.3042707443237,9.54463195800781,37.1055717468262,34.7179718017578,39.8974838256836,32.6690216064453,39.0638084411621,48.4466209411621,0.0406233947889672,0.022393172434622,0.0236396830253027,0.0203086427023313,0.0229248868308574,0.0301081030530498,45.7013191375881,105.606201201677,83.6135588604957,127.09148603119,66.5050966963172,2.83016168698668,-1.785809,0.3131023,-0.1322534,-0.5501256,-0.2942852
3,11,1,THREE_CHAMBER-exp,4,4,1,2.03392857142857,1.9816958698373,1.9182269524879,1,2.13571428571429,0.58066595291228,3.34271923538075,0.358478822483076,0.249676888698419,0.241496598639456,0.27891156462585,32.5017306295067,-0.0386244235732922,991.660766632951,46.9191649856725,2099.91637010676,80.802335233112,0.154451107409628,3.6345505,6.88128610479574,0.409252669039146,0.177948866937827,277,0,0,0.0301953818827709,0.0088809946714032,0.103019538188277,0.0408525754884547,0.0728241563055062,0.0319715808170515,2.43985736938349,0.717605108642202,8.32421926024955,3.30098349975413,5.88436189086606,2.58337839111193,1.41674210436311,0.416688854224445,4.83359070900356,1.91676872943245,3.41684860464045,1.500079875208,294,42.1951803881615,171.714182538138,62.228334517153,0.522202486678508,1.92156862745098,24.5013046283973,1.47772575868021,0.271758436944938,21.9587163244514,12.750678939268,0.0909090909090909,2.25352966632729,2.19125503809377,0.150009610211371,0.258340633644887,0.199931937611249,0.0584086960336377,0.324197634292781,0.378169238472393,0.0394003228104735,0.0678536818163087,0.560198657097166,0.038636040364187,0.067743346303295,0.0749709870774515,10.43752,35.70389,0.321929781416043,0.138482381830699,1.2972545068069,1.2972545068069,0.0113667109981179,0.0324834744286728,3.64279823907044,12.3630603585741,0.0133845849506321,0.185797467931157,806.792054384947,3.76271038242639,0.648233668877007,2.40865207542493,206,29.5653304760587,0.365896980461812,17.1675807940471,0.406271292979849,0.726278253250236,0.770569698202304,0.527234971641964,0.94252116965487,1,0.208003628180486,0.124900336037263,0.204321902418011,0.208003628180486,0.600471910657662,0.982299704122081,1,16.0008520022187,10.500559126456,20.4177538569978,0,6.58368389674622,5.250279563228,12.6673411684231,0,4.75025293815867,3.41684860464045,4.58357739646889,0,0,0.500026625069333,0.916715479293778,0,0,0.250013312534667,0.166675541689778,0,192,126,245,0,79,63,152,0,57,41,55,0,0,6,11,0,0,3,2,0,0.25070224014413,0.228318552648134,0.274250731572516,0,-0.114866067065422,-0.0860024253507695,0.0849952216963153,1,12.70633853125,10.5298829186047,5.4950301827957,6.13455853482587,4.25092607089552,6.97203181818182,4,6,4,3,0,0,0,0,1,2,1,1,3,24,29,54,35,8,9,62,46,95,68,14,0.595920862509725,0.653007729464124,0.643436701122596,0.721735949020044,0.401876560133749,0.467999944408155,2.28162293280378,2.44701187246383,2.19661572860223,2.3581126187664,1.6886337758658,2.00975150560241,0.0618215331036271,0.0656610799020039,0.0361787262420807,0.0328720684672669,0.0172419382476485,0.0226212481295661,0.122244451854322,0.262278455218662,0.113676781149272,0.166898225334371,0.0866218675756158,0.14833757221149,11.1790885925293,10.3636751174927,10.1859846115112,10.1013736724854,11.4170541763306,9.46714973449707,37.781810760498,34.3465728759766,35.6582336425781,35.4519653320312,38.8719024658203,32.6817932128906,0.0342392035307292,0.0273617335867986,0.0335416697458664,0.0340527249924308,0.0389600036468094,0.0280772925311573,146.304116686806,128.162360120565,153.855639124289,174.962901011109,109.750330273062,93.7220024690032,2.077583,-0.0574934,-0.5360034,0.402259,-0.4509315
4,11,1,THREE_CHAMBER-exp,1,1,1,1.5,1.48631535947712,1.53342355643045,2,0,0.449229068172612,3.29957465155122,0.215582471635999,0.418916611986681,0.22289156626506,0.337349397590361,12.1567105875748,0.193610734715929,937.446891314876,33.7686405210411,2696.98245614035,75.1702036077189,0.123559381924584,3.4678904,5.917421446,0.443609022556391,0.13877224555089,162,0,0,0.01,0.01,0.05,0.0475,0.04,0.0375,0.751702036077189,0.751702036077189,3.75851018038594,3.57058467136665,3.00680814430875,2.81888263528946,0.337686405210411,0.337686405210411,1.68843202605205,1.60401042474945,1.35074562084164,1.26632401953904,166,31.1956344972033,114.786867669262,32.9417702879045,0.415,1.02469135802469,14.0139858162321,1.58348739100981,0.405,30.4439324611261,13.6762994110216,0.125,2.11305372435698,2.49428247639047,0.137105287439731,0.305201281825888,0.231626843146914,0.0735744386789743,0.213071512309496,0.229819248604145,0.0348565342708482,0.0775918940700757,0.440578040115371,0.0897556628192163,0.0775710060871064,0.0868731211694486,9.28756,38.6693,0.0530067381151729,0.0836872062003353,1.93276854548271,1.93276854548271,0.00702110538259149,0.022163030336318,3.8296934012595,15.2685354879737,0.0161724795530304,0.206027370744475,422.49384730123,3.07728034103713,0.661847551939445,2.52393086579734,145,27.2491988077981,0.3625,12.2411321888774,0.375752770805471,0.704887481867841,0.763368482941775,0.492229872207249,0.923390862498583,1,0.208326291088328,0.140860381808636,0.202271897465483,0.208326291088327,0.676152688519345,0.970937928231646,1,0,9.79290575110192,10.4682785615227,13.5074562084164,0,4.38992326773534,4.89645287555096,4.72760967294575,0,3.63012885601192,4.13665846382753,5.90951209118219,0,0.168843202605205,0,0.168843202605205,0,0.253264803907808,0.0844216013026027,0,0,116,124,160,0,52,58,56,0,43,49,70,0,2,0,2,0,3,1,0,0,0.276132626235297,0.292325400635888,0.299797785809349,1,0.253145870500691,0.175908493244718,0.151777840402379,4.19530758148148,3.57252502413793,5.72158422391304,6.55837489545455,4.81766642268908,2.52569745813953,1,0,0,3,0,0,0,1,1,0,2,0,22,13,19,37,54,17,24,13,21,52,42,14,0.324174246494137,0.275805375965618,0.400235269054246,0.616976343528278,0.666933735944129,0.491896016022246,1.68933766630067,1.49755042828306,1.97199248972948,2.43378362354282,2.47894560091774,1.84267751380647,0.0242261165965803,0.0223550879012986,0.0196922050916299,0.0266251088345899,0.0432513291713751,0.0761859825421764,0.137372408810507,0.146583983253367,0.134103360920328,0.196235712565532,0.143527352216521,0.0587482369003579,10.1535959243774,9.23289489746094,8.63154697418213,8.36861228942871,8.68741130828857,11.7209272384644,42.7924461364746,41.0941543579102,40.298023223877,35.1737861633301,44.5675659179688,26.8915157318115,0.0251400417640227,0.0205962355702303,0.0222907359638838,0.0214903279253,0.0205221449611248,0.0246494402296114,58.3248968925327,40.8011426646262,63.9967029523104,94.8797977901995,97.9316757544875,66.6520863808692,0.4748202,0.404544,-0.04812754,0.4010381,-0.04876122
4,11,1,THREE_CHAMBER-exp,2,2,1,1.05833333333333,1.40082196029777,1.31564649515793,4,-1.76666666666667,0.474710714849841,3.14498530640221,0.324306739794933,0.407974099134514,0.21969696969697,0.568181818181818,32.6711597041073,0.0231772096601839,920.766345651455,34.2751701288567,2671.57777777778,72.2022256011191,0.153609079528234,3.8680316,7.65894238990148,0.397530864197531,0.142106185386368,128,0,0,0.00985221674876847,0.0197044334975369,0.061576354679803,0.0788177339901478,0.0517241379310345,0.0591133004926108,0.711351976365705,1.42270395273141,4.44594985228566,5.69081581092564,3.73459787591995,4.26811185819423,0.337686405210411,0.675372810420822,2.11054003256507,2.70149124168329,1.77285362735466,2.02611843126247,132,23.4746152200683,106.730446498349,30.2803008866724,0.32512315270936,0.754285714285714,11.1436513719436,1.58323963270885,0.431034482758621,31.1216489659996,14.7737802279555,0.333333333333333,2.10645659325844,2.33469077372551,0.118293737615749,0.249191210384134,0.187161494366476,0.0620297160176583,0.318072204326627,0.567278328066495,0.0265482366078061,0.0559250840086974,0.513686828754036,0.0779781906832707,0.0557142386505897,0.103218686169862,9.92655,37.7148,0.224756210054688,0.163367383091035,1.62442676418264,1.62442676418264,0.00735610001720488,0.023032020762378,3.54570342242467,14.5523182227486,0.0174313075863253,0.218717089939164,460.686479289085,3.20372986684447,0.660085226323038,2.52393086579734,124,22.0519112673369,0.305418719211823,10.4682785615227,0.375752770805471,0.704887481867841,0.763368482941775,0.492229872207249,0.923390862498583,1,0.208326291088328,0.140860381808636,0.202271897465483,0.208326291088327,0.676152688519345,0.970937928231646,1,9.79290575110192,0,10.2150137576149,14.2672506201399,3.63012885601192,0,3.54570725470931,3.96781526122233,4.38992326773534,0,3.71455045731452,6.66930650290562,0.253264803907808,0,0.0844216013026027,0,0.168843202605205,0,0.168843202605205,0.337686405210411,116,0,121,169,43,0,42,47,52,0,44,79,3,0,1,0,2,0,2,4,0.276132626235297,0,0.234155587633187,0.260844576577873,0.253145870500691,1,-0.115981317266376,-0.0676329242537631,4.7094743578125,8.744752475,11.7652627833333,9.1955752761062,7.3713955106383,3.5496900984375,1,0,1,0,2,0,2,1,0,2,3,0,23,4,10,58,58,23,25,4,4,24,51,25,0.858352938997055,0.069015023804672,0.179239821603071,0.586312776717734,0.728987977251255,0.425417747950789,2.52794010182545,0.494418771410558,1.12031030867249,2.28329811411122,2.39097222913275,1.90652806781312,0.0591319167855357,0.00541394194253534,0.00205165730376106,0.0163668698245679,0.0401622793205017,0.0369686231007464,0.277208647487079,0.0125831311016839,0.0803295619271685,0.119931086863897,0.155980808062096,0.0591548164619547,10.4512748718262,10.5790605545044,9.74099063873291,8.41456317901611,10.183874130249,10.4766159057617,38.8146209716797,34.2566909790039,38.9453735351562,35.6435012817383,36.7125244140625,40.3303985595703,0.0250059572095583,0.0362399996711342,0.0176828627469428,0.0172630251748194,0.022995538833,0.0276956663041588,153.286517694592,17.3589598424733,22.262724198401,72.2975494321436,118.863940227777,76.8831696603447,-0.7536842,-0.1676527,-0.4427415,-0.8904614,-0.2398417
4,11,1,THREE_CHAMBER-exp,3,3,2,1.49404761904762,1.1277195027195,1.30081350169985,3,-0.0238095238095237,0.553905799152671,3.24844004070752,0.168952847120957,0.31028393763076,0.134969325153374,0.368098159509202,24.7355291816626,0.0946145742173573,952.579915348565,41.9575358473936,2118.08064516129,75.7485043694749,0.19076794502215,4.3015179,9.06637837665996,0.362903225806452,0.119631300254952,158,0,0,0.0100603621730382,0.0382293762575453,0.0321931589537223,0.0945674044265594,0.0221327967806841,0.0563380281690141,0.762057388022886,2.89581807448697,2.43858364167323,7.16333944741513,1.67652625365035,4.26752137292816,0.422108006513014,1.60401042474945,1.35074562084164,3.96781526122233,0.92863761432863,2.36380483647288,163,24.8430708495461,80.4959723207379,29.3858716024039,0.327967806841046,0.673553719008264,13.7607210123242,1.55495156056338,0.48692152917505,36.8835775803077,20.4300275152299,0.25,2.33147904424549,2.41896696674491,0.185330947841876,0.334589289596503,0.285223008704638,0.0493662808918654,0.460547416353197,0.29669135520032,0.0395318577275379,0.0713692793756829,0.460435260136823,0.0374005799327459,0.0712789295808052,0.0962055909582443,9.581316,36.22124,0.154591322466888,0.116779786987891,1.63405650814983,1.63405650814983,0.00558248860761523,0.0197786306778403,4.63100671752941,19.5938185666275,0.0164102947218206,0.210330013257401,463.591324457899,3.49615510650966,0.67193633407553,2.52393086579734,132,20.1183150438042,0.265593561368209,11.1436513719436,0.375752770805471,0.704887481867841,0.763368482941775,0.492229872207249,0.923390862498583,1,0.208326291088328,0.140860381808636,0.202271897465483,0.208326291088327,0.676152688519345,0.970937928231646,1,10.4682785615227,10.2150137576149,0,21.2742435282559,4.13665846382753,3.71455045731452,0,5.90951209118219,4.89645287555096,3.54570725470931,0,11.9878673849696,0.0844216013026027,0.168843202605205,0,0.168843202605205,0,0.0844216013026027,0,1.51958882344685,124,121,0,252,49,44,0,70,58,42,0,142,1,2,0,2,0,1,0,18,0.292325400635888,0.234155587633187,0,0.378632387738282,0.175908493244718,-0.115981317266376,1,0.22391654667373,2.81901277837838,7.98281694,8.84563841530612,9.47046207482993,9.29149929323308,4.72411600408163,1,1,0,0,2,1,1,0,8,5,5,0,20,21,45,69,72,17,9,13,38,43,40,21,0.234276875196829,0.327212352494396,0.807797224010411,0.922880272688539,0.507414645893926,0.524452497954553,1.32352691234226,1.66791461459385,2.76920531943661,2.44797807719013,2.03243445232454,2.10537780467576,0.0578722142976232,0.031779700264908,0.0634439128763494,0.0357996332042756,0.0206044719438321,0.0266987245448568,0.0302004408958708,0.154693318019303,0.285157208819811,0.353026990978307,0.106417072673719,0.182253053111338,9.59616851806641,8.79729652404785,9.2055082321167,9.48619556427002,9.59050178527832,10.5398406982422,38.0291595458984,42.1592483520508,38.6856422424316,33.5123291015625,36.224666595459,32.3564033508301,0.0269391918733788,0.0277834234968292,0.0179782952973651,0.0159586614315733,0.0191193159360489,0.0219513451883887,44.880693661049,65.0965612530708,104.058373181149,105.375041432679,68.8868953175843,75.402870722115,-1.647723,0.8754961,-0.2113889,0.1178863,-0.4701884
4,11,1,THREE_CHAMBER-exp,4,4,1,1.94761904761905,1.98514317750561,1.85011644671177,1,1.79047619047619,0.58454132723198,3.32158065175417,0.373941244084368,0.192461559555568,0.205479452054795,0.328767123287671,28.2812364363719,0.102687154274115,1189.2068476851,49.0489503568122,1790.88965517241,83.9101498418891,0.15644865264014,3.7013061,6.71212184182444,0.424137931034483,0.188716633640284,269,0,0,0.0378657487091222,0.00688468158347676,0.108433734939759,0.044750430292599,0.0705679862306368,0.0378657487091222,3.17732064805776,0.57769466328323,9.09869094671087,3.75501531134099,5.9213702986531,3.17732064805776,1.85727522865726,0.337686405210411,5.31856088206397,2.19496163386767,3.46128565340671,1.85727522865726,291,42.027286753855,160.836873410823,51.5831269983117,0.500860585197935,1.68208092485549,24.5666859790574,1.51026166159624,0.29776247848537,24.9852941869997,14.6049370253503,0.0769230769230769,2.34663719519853,2.33920015488357,0.146851604811228,0.251225359046253,0.165914417499625,0.0853109415466279,0.315923145766648,0.184623586784376,0.0564127546639851,0.0965077267181781,0.523086513559213,0.0367594336593823,0.0963298088653924,0.0924209670169731,10.10722,36.02863,0.185251278868175,0.0623670728356164,1.60685772992873,1.60685772992873,0.0124801644124091,0.0331229657348191,2.90468855189977,9.19445134398106,0.0130985051928508,0.180988530050012,818.932204827666,3.74669317405879,0.652905872893239,2.52393086579734,185,26.7183781768494,0.3184165232358,15.6179962409815,0.375752770805471,0.704887481867841,0.763368482941775,0.492229872207249,0.923390862498583,1,0.208326291088328,0.140860381808636,0.202271897465483,0.208326291088327,0.676152688519345,0.970937928231646,1,13.5074562084164,14.2672506201399,21.2742435282559,0,5.90951209118219,6.66930650290562,11.9878673849696,0,4.72760967294575,3.96781526122233,5.90951209118219,0,0,0.337686405210411,1.51958882344685,0,0.168843202605205,0,0.168843202605205,0,160,169,252,0,70,79,142,0,56,47,70,0,0,4,18,0,2,0,2,0,0.299797785809349,0.260844576577873,0.378632387738282,0,0.151777840402379,-0.0676329242537631,0.22391654667373,1,4.1311281032967,10.250492146875,7.17475401666667,5.32169270944445,7.70574947272727,2.76981798043478,2,1,8,5,6,0,2,0,0,1,0,1,34,11,33,47,31,17,41,19,44,92,82,14,0.432865267408903,0.872524591986069,0.688805731672865,0.82483651655212,0.503968989088753,0.153807542301843,2.01408343947432,2.55309903295015,2.49164217754127,2.38621146533172,2.16075634632697,0.868675521855683,0.121871584446379,0.0786202552750042,0.0393705163414736,0.0507076563976214,0.032590170615587,0.0118711192984746,0.05083733165373,0.267955391711899,0.213733599477592,0.168651933087568,0.154387654915618,0.0153747308292717,9.86995887756348,9.59962749481201,10.4920511245728,10.1123418807983,10.5728054046631,10.3471403121948,36.7116928100586,36.8176879882812,37.1205787658691,35.3744163513184,33.2253570556641,37.5829391479492,0.036566039672862,0.028710603199119,0.0333071596548113,0.0342260483525204,0.032675322045689,0.0448748202761635,113.391289025545,179.584823010489,163.937839820981,201.557198747993,117.402432110161,43.079827465117,1.504045,0.0165413,-0.2541609,0.337948,0.3628964
1,12,1,THREE_CHAMBER-exp,1,1,1,1.42678571428571,1.37443310657596,1.56191144815383,3,-0.292857142857143,0.80698178089179,-0,0.310316042072851,0.425368803263405,0.584686774941995,0.0812064965197216,29.7928196966094,0.154565896117471,1077.49911722746,97.9318815188547,936.858546168959,121.355752803528,0.133102714914158,2.9009802,3.94847184926398,0.527504911591356,0.177880481513328,423,0,0.00232018561484919,0.00785083415112856,0.0098135426889107,0.0431795878312071,0.0510304219823356,0.0353287536800785,0.0412168792934249,0.952743888545851,1.19092986068231,5.24009138700218,6.19283527554803,4.28734749845633,5.00190541486572,0.7688469599125,0.961058699890625,4.22865827951875,4.99750523943125,3.45981131960625,4.03644653954063,431,51.3290769954077,418.489554838367,57.5247303368276,0.422963689892051,1.05378973105134,41.4216299652859,1.57530858266003,0.401373895976448,48.7090313019066,39.3073008255266,0.166666666666667,2.74768502928055,2.52786650660957,0.282196334102143,0.349693562833959,0.23711154842325,0.11258201441071,0.220452843179672,0.59497751344784,0.0652574683032738,0.080866098651147,0.455834660712946,0.0599405657505173,0.0725918539338237,0.0536651120514303,8.316756,38.22012,0.107704170104617,0.185151706612923,2.16926075618721,2.16926075618721,0.00948555395007133,0.0280492752663998,3.2217477266201,9.12502392649656,0.0128442611716618,0.173687040096986,842.852672480047,4.21806784386181,0.674007019932932,4.27952545780407,317,37.7524765836294,0.311089303238469,30.4655607865328,0.412163723896438,0.702918195896642,0.813605314782155,0.5065892717365,0.863954774047721,1,0.304813792786019,0.274715054584329,0.304419838292801,0.304813792786019,0.90125532730463,0.998707556867368,1,0,26.0446907670359,31.5227253564125,40.3644653954063,0,11.7249161386656,14.1275628883922,15.5691509382281,0,9.89890460887344,11.0521750487422,18.3562211679109,0,0,0.480529349945313,0.288317609967188,0,0,0.38442347995625,0.576635219934375,0,271,328,420,0,122,147,162,0,103,115,191,0,0,5,3,0,0,4,6,0,0.532368804528473,0.601861701417418,0.616323402300733,1,0.0928807894317076,0.272891066659135,0.09792583226157,3.09355863850267,3.61500854554974,3.68352103219512,2.9843417,4.3243778125,NaN,2,1,0,2,3,0,5,2,2,0,1,0,181,56,75,65,34,0,152,101,80,64,35,0,0.897011489994304,0.969883340202939,0.901554692095014,0.688593830322285,0.615041194477763,4.55941114616193,2.6311285755467,2.42473323422047,2.71555929011354,2.62738297443095,2.50320705216094,2.17380412878805,0.0894839459632191,0.0647116849676048,0.062947199748063,0.0617708762683685,0.0580242396735934,0.0126868742285009,0.236617004821074,0.508940521565159,0.358686037410792,0.197492671134226,0.142645431094768,0.117336442189,8.25637531280518,7.94273662567139,8.47481918334961,8.14531898498535,8.52711391448975,9.73619174957275,36.3708992004395,37.3490104675293,37.8169059753418,38.9942665100098,42.1316757202148,37.6527137756348,0.0359627828060166,0.0253866336467165,0.0269945731443912,0.0289246332785276,0.0240499571840614,0.0147792135075425,230.233735524118,176.640196913853,174.411937085912,142.22242183052,105.891961481422,13.3899674378335,0.03045493,0.4749871,0.2805701,-0.4802225,0.09870109
1,12,1,THREE_CHAMBER-exp,2,2,1,1.41785714285714,1.18227513227513,1.33180015440293,4,-0.328571428571429,0.637871746095047,-0,0.33377286353724,0.383128643813201,0.660714285714286,0.0386904761904762,40.0761477854391,0.2635186139487,1014.33645222521,96.2980817290406,966.949050949051,150.967780464588,0.148391022268492,2.6008788,3.53855424331337,0.522477522477522,0.170677028844717,331,0,0,0.00499001996007984,0.00598802395209581,0.0269461077844311,0.0459081836327345,0.0219560878243513,0.0399201596806387,0.753332237847247,0.903998685416696,4.06799408437513,6.93065658819467,3.31466184652789,6.02665790277798,0.480529349945313,0.576635219934375,2.59485848970469,4.42087001949688,2.11432913975938,3.8442347995625,336,50.623926383335,409.24333886447,51.2013386181997,0.335329341317365,0.774193548387097,32.291572316325,1.58237001281359,0.43313373253493,65.389238245141,41.7099475752531,0.181818181818182,2.50723957629295,2.45002848166875,0.204294001767878,0.320274417261047,0.21459921040843,0.105675206852617,0.623042607428988,0.720735830119909,0.0517064112709757,0.0810608270197175,0.496238345569816,0.0544285090283893,0.0764262678052341,0.0479979011210302,9.384056,37.48087,0.0112772878687866,0.290097539871389,2.49556569951701,2.49556569951701,0.0100024472922087,0.0256482191383524,3.55396034656306,10.2691281671799,0.0117786814326135,0.164473331671965,606.78556837514,3.83551735867091,0.663326122285046,4.27952545780407,306,46.1039329562515,0.305389221556886,29.4083962166531,0.412163723896438,0.702918195896642,0.813605314782155,0.5065892717365,0.863954774047721,1,0.304813792786019,0.274715054584329,0.304419838292801,0.304813792786019,0.90125532730463,0.998707556867368,1,26.0446907670359,0,32.5798899262922,37.6735010357125,9.89890460887344,0,10.9560691787531,11.4365985286984,11.7249161386656,0,11.1482809187313,18.8367505178563,0,0,0.0961058699890625,0.38442347995625,0,0,0.38442347995625,0.192211739978125,271,0,339,392,103,0,114,119,122,0,116,196,0,0,1,4,0,0,4,2,0.532368804528473,0,0.485385634971572,0.574096410745775,0.0928807894317076,1,0.22030530766314,0.477369744751254,2.75180698947368,3.2352264704,2.88353244418605,3.25166558503401,3.39471427719298,NaN,1,2,0,2,0,0,1,2,2,1,0,0,164,113,69,60,28,0,157,69,55,46,13,0,0.783422175086951,0.838074904944727,0.720613911182946,0.654702746761637,0.321775414839274,3.93592557033786,2.53115830592688,2.48644946251789,2.67526153073726,2.52466200067938,1.69883617481565,-0,0.0662168232782376,0.0688427107309415,0.0425653114246945,0.0603722554381805,0.0310104803938368,0,0.217517957457845,0.168473604505226,0.348020395781908,0.218092225613286,0.110755023688561,0,9.09045600891113,10.2040452957153,9.60616683959961,8.95487403869629,7.99797868728638,NaN,36.477367401123,40.0027732849121,34.760986328125,38.2023887634277,37.9787712097168,NaN,0.0365820762757121,0.0230214488119627,0.0207305841225962,0.0242314625078219,0.019880845008271,NaN,203.359762016684,138.082649974152,106.845430567861,113.330550149083,45.1096373237669,0,-1.41729,0.742349,-0.4350435,0.2246829,0.03312679
1,12,1,THREE_CHAMBER-exp,3,3,1,1.47142857142857,1.7962962962963,1.31548045423509,2,-0.114285714285715,0.683757336113037,-0,0.346470445313909,0.410087062290005,0.542372881355932,0.076271186440678,56.3180398135906,0.257267162405114,914.378985979465,103.217704368253,892.186393289842,150.956631712379,0.152313440608238,2.667568,3.63235705493482,0.520969245107176,0.184835864772171,342,0,0,0.0111731843575419,0.0139664804469274,0.0521415270018622,0.037243947858473,0.0409683426443203,0.0232774674115456,1.68666627611597,2.10833284514496,7.87110928854118,5.62222092038656,6.18444301242521,3.5138880752416,1.15327043986875,1.44158804983594,5.3819287193875,3.8442347995625,4.22865827951875,2.40264674972656,354,49.756655145421,450.632952298033,51.6310117061484,0.329608938547486,0.754797441364606,34.0214779761281,1.58431053468716,0.436685288640596,65.9205402915324,45.0736530248703,0.111111111111111,2.62322678141989,2.51986793248649,0.2503211288067,0.366096443264073,0.251456803624434,0.11463963963964,0.468855650301063,0.477156841591242,0.0450550614617837,0.0658933499973962,0.464137113992605,0.0431820548872572,0.0616466177159819,0.0606910378586679,9.334401,35.91897,0.0363029214185284,0.232060372514855,2.41572931312816,2.41572931312816,0.0110460808500648,0.0263890352145159,3.12356204124923,9.13724837140403,0.0144802874123555,0.190163071181543,665.927303638309,3.96593300811459,0.662764656892251,4.27952545780407,306,43.0099900409572,0.284916201117318,29.4083962166531,0.412163723896438,0.702918195896642,0.813605314782155,0.5065892717365,0.863954774047721,1,0.304813792786019,0.274715054584329,0.304419838292801,0.304813792786019,0.90125532730463,0.998707556867368,1,31.5227253564125,32.5798899262922,0,39.1150890855484,11.0521750487422,11.1482809187313,0,11.8210220086547,14.1275628883922,10.9560691787531,0,19.990020957725,0.38442347995625,0.38442347995625,0,0.38442347995625,0.480529349945313,0.0961058699890625,0,0.864952829901563,328,339,0,407,115,116,0,123,147,114,0,208,4,4,0,4,5,1,0,9,0.601861701417418,0.485385634971572,0,0.564525303525696,0.272891066659135,0.22030530766314,1,0.278605112893067,2.76591346582279,3.31484552941176,3.30978205814978,2.77581352985075,3.65679113333333,NaN,3,3,4,2,0,0,4,4,3,1,3,0,189,115,96,42,27,0,123,69,83,52,27,0,0.876615708086529,0.927072575453741,0.877023253229101,0.390312466713287,0.486289347788836,3.93592557033786,2.76039339498671,2.59996602030628,2.69607016063452,1.90976357657698,2.2114311725948,-0,0.0764517637905403,0.0654712009151241,0.0419493625160355,0.0240868441649261,0.0264441223191171,0,0.310280789340842,0.325415533953605,0.328652739120166,0.141283859822996,0.196686843238687,0,8.36009693145752,9.49655914306641,10.2275276184082,9.50591278076172,9.00971221923828,NaN,35.0243949890137,37.3720779418945,36.140007019043,34.8288803100586,35.237621307373,NaN,0.0311100133442898,0.0216310638053298,0.0264174647445785,0.026898951841765,0.0266170220777952,NaN,192.726532667875,143.132749199867,164.131708458066,73.9183196611702,92.0948963891715,0,-0.1772898,-0.07889245,-0.9480786,-1.033287,-0.8594141
1,12,1,THREE_CHAMBER-exp,4,4,1,1.68392857142857,1.64699546485261,1.79080794320815,1,0.735714285714285,0.742805869068464,-0,0.340703951871023,0.374429991200078,0.652100840336134,0.0487394957983193,48.4373584744875,0.284633563301964,993.785444567863,117.153055516667,758.552545155993,157.716922274169,0.154354823633178,2.667568,3.52325772698934,0.538587848932677,0.214349412241589,578,0,0,0.0139458572600492,0.00902378999179656,0.0525020508613618,0.0434782608695652,0.0385561936013126,0.0344544708777687,2.19949768552983,1.4232043847546,8.28046187493585,6.85725749018125,6.08096418940601,5.43405310542665,1.63379978981406,1.05716456987969,6.1507756793,5.09361110942031,4.51697588948594,4.03644653954063,595,76.9824189935442,581.184180393006,79.2043443444432,0.488105004101723,1.47277227722772,57.1829926434922,1.58403409857387,0.331419196062346,52.2704155855325,38.8267714755813,0.178571428571429,2.56290862694734,2.34304278965142,0.193681395715256,0.260742952876971,0.135689924189949,0.125053028687022,0.516237293225114,0.568427710323811,0.0560931687468455,0.0755152470957057,0.548380138389893,0.0579097230045035,0.0735954288672593,0.0574519386329264,9.599317,37.68359,0.0280530742257812,0.129271407656605,2.36258919005721,2.36258919005721,0.0200498877093196,0.0413780850682054,2.25122542146563,5.70191070139897,0.0123522259540152,0.180324346687773,1139.1386819277,4.27623461159006,0.657445382308623,4.27952545780407,452,58.4807619917344,0.370795734208368,43.4398532350563,0.412163723896438,0.702918195896642,0.813605314782155,0.5065892717365,0.863954774047721,1,0.304813792786019,0.274715054584329,0.304419838292801,0.304813792786019,0.90125532730463,0.998707556867368,1,40.3644653954063,37.6735010357125,39.1150890855484,0,18.3562211679109,18.8367505178563,19.990020957725,0,15.5691509382281,11.4365985286984,11.8210220086547,0,0.576635219934375,0.192211739978125,0.864952829901563,0,0.288317609967188,0.38442347995625,0.38442347995625,0,420,392,407,0,191,196,208,0,162,119,123,0,6,2,9,0,3,4,4,0,0.616323402300733,0.574096410745775,0.564525303525696,0,0.09792583226157,0.477369744751254,0.278605112893067,1,2.80449061995662,3.37769683133333,3.17432185798319,2.97988884968944,4.16699936774194,NaN,8,4,4,0,1,0,4,2,1,4,0,0,146,95,91,60,15,0,248,140,113,65,29,0,0.922839663404762,0.944221889805351,0.951854098838959,0.609215151416914,0.378053694072534,4.22386046724272,2.47956948878978,2.53810111525838,2.58848423001555,2.32505830887242,1.79484825377794,1.51796240992013,0.0806939382291237,0.0726958648061613,0.0669346584725393,0.0450939437865575,0.0223038341661765,0.0202761395327573,0.196496964251807,0.278672884817554,0.278904444557651,0.160257864926572,0.0787858859707216,0.0717094134320852,9.88363838195801,9.10414123535156,10.1591062545776,9.52947521209717,9.09869956970215,8.2806282043457,36.5733299255371,37.0422248840332,37.5606002807617,37.8109703063965,41.9578552246094,38.6053504943848,0.0536292439458982,0.0388597580748217,0.0361083016265389,0.0342333832055792,0.0440860250022741,0.0299511659738906,352.505020456389,261.4484523274,245.139259742573,147.956682214513,118.988181481138,12.5195873770863,1.182959,0.1478494,-0.08609535,-0.3351856,0.2910871
2,12,1,THREE_CHAMBER-exp,1,1,1,1.45347222222222,1.64007867132867,1.68707251289341,3,-0.186111111111111,0.794237941288323,3.42164987952358,0.418645749018216,0.210392990520662,0.365333333333333,0.192,31.667603625167,0.329451045015407,981.118154755087,67.2616486701661,1166.10927573062,84.6870253529588,0.157167672926549,3.6347031,6.68111343121827,0.426937738246506,0.122467156535293,358,0,0,0.0203045685279188,0.0126903553299492,0.0774111675126904,0.083756345177665,0.0571065989847716,0.0710659898477157,1.71953350970475,1.07470844356547,6.55572150574935,7.09307572753209,4.8361879960446,6.01836728396662,1.36571875472418,0.853574221702615,5.20680275238595,5.63358986323726,3.84108399766177,4.78001564153465,374,40.1940957893485,164.04521945424,43.7373835577547,0.474619289340102,1.02465753424658,31.9236758916778,1.42635870457319,0.463197969543147,39.2268581901396,31.1554590921455,0.230769230769231,2.69390971802177,2.46853748452092,0.431970183216041,0.543880065104102,0.455060748896266,0.0888193162078354,0.772985306117092,0.536969167143001,0.0335992270659737,0.0423037295491989,0.314095436242279,0.0600172217272497,0.039151058439393,0.0397035473771708,7.71211,34.07894,0.0810127968383696,0.0664332977259977,1.78621963177359,1.78621963177359,0.00481262896209955,0.0220918693480634,3.71722705668485,15.8795225080294,0.0153179008767919,0.201242144860193,734.75348264724,3.79546624781147,0.699363602985803,2.73880044078202,245,26.330356867354,0.310913705583756,20.9125684317141,0.606702704797092,0.889276302841031,0.950602641569491,0.638229559088324,0.935486883744393,1,0.395399087194813,0.359865286973633,0.392277339334282,0.395399087194813,0.910131810183789,0.992104817735727,1,0,9.90146097175034,17.7543438114144,39.6058438870013,0,5.37751759672648,9.13324417221798,17.4129141227334,0,2.30465039859706,7.93824026183432,20.9125684317141,0,0,0.170714844340523,1.19500391038366,0,0,0.426787110851308,0.426787110851308,0,116,208,464,0,63,107,204,0,27,93,245,0,0,2,14,0,0,5,5,0,0.276127043914765,0.484616035376596,0.657940323737282,1,0.175752863937867,0.33693275983132,0.475667511277034,4.87288901842105,7.86792235384615,7.70516363898305,4.53220908823529,4.51991064705882,2.71474856470588,3,1,8,3,1,0,1,1,5,1,2,0,48,52,115,71,53,26,67,70,100,66,54,18,1.09270673936938,0.983993923619152,0.939639401812717,0.893246510249261,0.860035476266563,0.178868880526724,2.87005553277388,2.40816032430982,2.61862956351925,2.74319245524607,2.11625700707136,0.983191285187704,0.0699907325588913,0.0230828370029363,0.0483097828352299,0.0300716012560324,0.0273945322088376,0.00780898381132233,0.517468048880364,0.67689122722515,0.395856779625693,0.472679443121926,0.526813295726638,0.013349047192617,6.85844135284424,7.79816722869873,7.84339237213135,8.21532535552979,7.50582933425903,8.16751003265381,33.8001251220703,33.3609352111816,35.4156494140625,34.200309753418,31.0000133514404,46.6021385192871,0.0304442352813775,0.0128838281431888,0.0236039083378616,0.0221322422706846,0.021072855473145,0.0326067482760872,174.567245103419,91.0757811442018,159.06673828885,140.738928599283,128.776219796389,40.5954016037285,0.2648338,0.5309188,-0.1798915,-0.3523692,-0.872694
2,12,1,THREE_CHAMBER-exp,2,2,1,1.63525883838384,0.903273809523809,1.10385864135864,1,0.541035353535354,0.306422958417636,3.2379099464139,0.299044836228713,0.143112040042695,0.299212598425197,0.21259842519685,47.2880118823249,0.183213833560626,1100.8491476003,39.6058438870013,2089.7969762419,129.252207770349,0.180221952157209,2.7343638,5.0196359424569,0.419006479481641,0.136795440151995,122,0,0,0.0107758620689655,0.00646551724137931,0.0258620689655172,0.0646551724137931,0.0150862068965517,0.0581896551724138,1.39280396304256,0.835682377825534,3.34272951130214,8.35682377825534,1.94992554825958,7.52114140042981,0.426787110851308,0.256072266510785,1.02428906604314,2.56072266510785,0.597501955191831,2.30465039859706,127,35.3772206612809,416.742584094429,35.6078312138047,0.273706896551724,0.520491803278688,10.8403926156232,1.52813243372409,0.525862068965517,67.9688333964768,20.8272110095438,0.125,1.65520766087794,2.50048667520374,0.093857404108663,0.306300169521701,0.146420821496487,0.159879348025214,0.552046804236347,0.750463986572632,0.0218684351801997,0.0713668299957942,0.472276622260754,0.106863177667516,0.0699786614236211,0.0431932005542353,8.464375,40.05092,0.00647639984415357,0.39005733958027,2.40309009420453,2.40309009420453,0.00686955824494362,0.01985826099744,4.08535304074074,13.6582093598119,0.0156761270474525,0.185083741382549,250.511962482706,2.33820956871942,0.667251039700557,2.73880044078202,111,30.9202479795448,0.239224137931034,9.47467386089903,0.606702704797092,0.889276302841031,0.950602641569491,0.638229559088324,0.935486883744393,1,0.395399087194813,0.359865286973633,0.392277339334282,0.395399087194813,0.910131810183789,0.992104817735727,1,9.90146097175034,0,10.4989629269422,19.2054199883088,2.30465039859706,0,3.84108399766177,4.69465821936438,5.37751759672648,0,3.58501173115098,11.8646816816664,0,0,0.426787110851308,0,0,0,0.256072266510785,0,116,0,123,225,27,0,45,55,63,0,42,139,0,0,5,0,0,0,3,0,0.276127043914765,0,0.176361944384487,0.283872987711013,0.175752863937867,1,0.0679191185405199,0.305969518203492,1.9414724,4.78707536511628,5.62911524171779,3.02108602677165,3.88748653548387,2.97081654545455,0,0,2,0,0,3,1,0,1,1,0,0,5,23,86,85,35,10,19,19,37,25,16,11,0.29047501023729,0.300581702312915,0.562585969738652,0.541404607304625,0.190413997841783,0.0927195029718682,0.861949323339069,1.67042290728852,2.34503900072465,2.24386676887542,1.1455135130862,0.579396791995657,0.0112233022263411,0.0180022045406126,0.0509635557778611,0.0318824739021295,0.0133151783770766,0.00429656506790522,0.0655886980322852,0.147287396141128,0.129196596871975,0.143183986513399,0.0667194642435358,0.00703875724407366,6.34976148605347,7.27694845199585,8.11919689178467,9.40068054199219,8.13331604003906,9.16033458709717,35.7035064697266,37.7093276977539,43.5958557128906,38.9713134765625,37.2368545532227,43.4111671447754,0.0219615746919846,0.0181757050131003,0.0161035222260502,0.0200097714225799,0.0255854914819163,0.0340078290136027,15.8342953529209,38.8414816129953,64.3013642486185,75.9771020915359,34.0287036709487,21.6289792526513,-1.689462,0.2711337,-1.098107,0.2076476,0.06818908
2,12,1,THREE_CHAMBER-exp,3,3,1,1.51688762626263,1.5206043956044,1.40731234827717,2,0.0675505050505052,0.524520652028675,3.19882188417208,0.542155178707033,0.18475176325265,0.407534246575342,0.208904109589041,65.9812873376122,0.25483954966589,853.04083378307,60.5184123187154,1351.74576271186,115.37851195115,0.16757987907912,3.1345146,5.22876881043724,0.439265536723164,0.166543191583938,280,0,0,0.0169252468265162,0.0183356840620592,0.0606488011283498,0.0648801128349788,0.0437235543018336,0.0465444287729196,1.95280979324936,2.11554394268681,6.99756842581022,7.48577087412256,5.04475863256086,5.37022693143575,1.02428906604314,1.1096464882134,3.67036915332125,3.92644141983203,2.64608008727811,2.81679493161863,292,47.5183716357345,334.065759640661,47.920569573029,0.411847672778561,0.86646884272997,24.9243672737164,1.40943223433981,0.475317348377997,54.8414083604196,28.7654512713781,0.2,2.36952794060768,2.61431748755856,0.201009494849347,0.38322512959577,0.264293972496605,0.118931157099165,0.63264037414093,0.581787072243346,0.0371737306796143,0.0708718151246064,0.424854049311963,0.0677214207223598,0.0657196390160519,0.0533275852453012,8.319268,37.2179,0.00839301245536313,0.217573854887576,2.13361440679882,2.13361440679882,0.00810894183814526,0.0277606774931909,3.2604435388,11.5236779269717,0.0168569487596779,0.208594208370192,599.658394530416,3.376360100333,0.674071397217302,2.73880044078202,205,33.3605006346766,0.289139633286319,17.4982715449036,0.606702704797092,0.889276302841031,0.950602641569491,0.638229559088324,0.935486883744393,1,0.395399087194813,0.359865286973633,0.392277339334282,0.395399087194813,0.910131810183789,0.992104817735727,1,17.7543438114144,10.4989629269422,0,32.2651055803589,7.93824026183432,3.58501173115098,0,13.4011152807311,9.13324417221798,3.84108399766177,0,15.7911231014984,0.426787110851308,0.256072266510785,0,0.341429688681046,0.170714844340523,0.426787110851308,0,0.512144533021569,208,123,0,378,93,42,0,157,107,45,0,185,5,3,0,4,2,5,0,6,0.484616035376596,0.176361944384487,0,0.45814684007081,0.33693275983132,0.0679191185405199,1,0.359666770625831,4.05114502671756,5.91762971578947,4.70970499717742,2.56878415862069,2.93338617157895,3.72662963513513,2,2,6,1,1,0,1,2,5,0,1,4,74,82,117,8,41,17,51,68,98,14,44,17,0.990263798788767,0.833760964810715,0.74126408514304,0.171574393982901,0.521714161329017,0.0954431354717174,2.91965913577297,2.72946872913413,2.66131783818978,0.987753626826877,2.2207643073345,0.619301482257808,0.0616230953253303,0.028626608249428,0.106044396278234,0.00486295723376467,0.0205401099486381,0.00471879770416804,0.433743184120347,0.384247723672876,0.144021600692852,0.0190488981928325,0.238381059564003,0.0189633492791886,7.24078369140625,8.31179237365723,9.01463222503662,8.43306922912598,7.54290580749512,11.1855316162109,35.0154876708984,34.9134902954102,41.3128967285156,39.5447692871094,36.4253044128418,42.2006683349609,0.028214684256217,0.0237467166213971,0.0292260238000216,0.0312120023048148,0.0296907157349823,0.0322254940508431,143.161307916045,140.960509864613,152.209131950513,35.6441066320986,107.005339508876,20.3987377341837,-0.373371,0.2916926,-0.3404042,-0.0386373,-0.5064435
2,12,1,THREE_CHAMBER-exp,4,4,2,1.39438131313131,1.93604312354312,1.80175649747078,4,-0.422474747474747,0.719643008212424,3.40133448457656,0.436228154291522,0.163095708535246,0.278947368421053,0.166666666666667,31.5822462029968,0.380434600035452,1064.99186386154,91.0763694556691,825.002814258912,126.557707663833,0.210792596775647,3.5013195,5.99610535304592,0.446529080675422,0.196442322501155,558,0,0,0.0103092783505155,0.0168697282099344,0.0834114339268978,0.0590440487347704,0.0731021555763824,0.042174320524836,1.30471863570961,2.13499413116119,10.5563598707414,7.47247945906416,9.25164123503181,5.33748532790297,0.938931643872877,1.53643359906471,7.59681057315328,5.37751759672648,6.6578789292804,3.84108399766177,569,67.4895367017064,295.867227266824,68.8610873450594,0.533270852858482,1.36778846153846,48.5683732148788,1.54716239176227,0.389878163074039,49.3420865868363,35.5086876228288,0.448275862068966,2.61545737781913,2.44499088678542,0.163398537782132,0.227054992430218,0.107417287227614,0.119637705202604,0.431600372298534,0.388138924091318,0.0943223030524411,0.131068185164107,0.514294691924175,0.06769076618494,0.129229024893485,0.0598913642965597,9.518041,39.87152,0.0199176442927803,0.0278488295031205,1.94535364832707,1.94535364832707,0.016233716160059,0.037473647524288,2.33275971753292,6.96264108494811,0.0146630527062708,0.204572175235916,1128.51889519393,4.30956017496443,0.655296746621205,2.73880044078202,319,37.8368404355788,0.298969072164948,27.2290176723134,0.606702704797092,0.889276302841031,0.950602641569491,0.638229559088324,0.935486883744393,1,0.395399087194813,0.359865286973633,0.392277339334282,0.395399087194813,0.910131810183789,0.992104817735727,1,39.6058438870013,19.2054199883088,32.2651055803589,0,20.9125684317141,11.8646816816664,15.7911231014984,0,17.4129141227334,4.69465821936438,13.4011152807311,0,0.426787110851308,0,0.512144533021569,0,1.19500391038366,0,0.341429688681046,0,464,225,378,0,245,139,185,0,204,55,157,0,5,0,6,0,14,0,4,0,0.657940323737282,0.283872987711013,0.45814684007081,0,0.475667511277034,0.305969518203492,0.359666770625831,1,4.46811741188811,5.58896995862069,6.5918738712676,4.40459600362694,4.52366245,2.92695338571429,1,1,5,1,2,1,3,1,10,3,1,0,76,93,113,61,54,19,66,93,196,120,69,26,1.03164938899545,0.936855658166526,0.967557278423853,0.833941588936541,0.536488220119582,0.196500573030006,2.8408056052361,2.47135036235609,2.3896565060443,2.7484771439492,2.14291079961919,1.13241197147501,0.0803303950516175,0.0896544058392538,0.224537905418236,0.0988940245834067,0.0577901898397084,0.012611300058927,0.301768357076661,0.243671208514343,0.114135393365105,0.184194925851481,0.0916871604629514,0.064184000631029,9.14517402648926,9.12591934204102,9.99879837036133,9.40800666809082,9.9522762298584,9.39128875732422,37.2981910705566,37.3893928527832,43.5611534118652,39.6846084594727,40.6841850280762,41.9089965820312,0.0386177977375884,0.0340839988155156,0.0345748024272578,0.0408918119385533,0.0446804008249467,0.0290829645144128,206.759689087048,228.669548053294,239.914554042742,243.388064658269,169.472760329023,39.7564124912024,1.37426,1.186415,0.1272307,0.1399218,0.869296
3,12,1,THREE_CHAMBER-exp,1,1,3,1.49358974358974,1.93143939393939,1.5043925231335,3,-0.0256410256410258,0.566016088598848,3.38074207338883,0.329629887587644,0.203738832469902,0.25130890052356,0.235602094240838,48.5083841851499,0.209403590132189,989.676405613539,43.4066403311945,2056.2528957529,76.6879974006499,0.218974245972383,4.1014965,10.2794089325626,0.318532818532819,0.146630998160843,182,0,0,0.0173410404624277,0.0192678227360308,0.104046242774566,0.0635838150289017,0.0867052023121387,0.0443159922928709,1.32984966590722,1.47761073989692,7.97909799544334,4.87611544165982,6.64924832953612,3.39850470176291,0.752716306321291,0.836351451468102,4.51629783792775,2.75995978984474,3.76358153160646,1.92360833837663,191,28.2223651320311,130.431727498593,32.5147645921439,0.368015414258189,0.834061135371179,15.9743127230407,1.44373298653072,0.441233140655106,33.8372859436394,19.1524482386195,0.263157894736842,2.4220379434902,2.53464460192006,0.201068751491263,0.355235046390645,0.270465877316282,0.0847691690743633,0.592878034957038,0.463236243864634,0.0232389150731455,0.0410569867910868,0.429614736608713,0.0986541991095514,0.0389889453536132,0.0754390311000037,7.876389,37.30491,0.132013856288228,0.137175589824512,1.82022410397417,1.82022410397417,0.00625457824207842,0.0200913213661023,4.0644050661986,16.2411045860436,0.0162091969439074,0.199963682115108,480.986233504489,3.52175754318165,0.684972982783125,2.51812066492549,145,21.4253557285053,0.279383429672447,12.1270960462875,0.461232293691291,0.785296066514659,0.87369351823471,0.527910856684855,0.898823271690676,1,0.233415809891729,0.195465309561999,0.218152861215907,0.233415809891729,0.837412468558436,0.934610476115985,1,0,5.85446016027671,12.1270960462875,25.4250841246303,0,2.84359493499155,4.59993298307456,8.53078480497464,0,1.92360833837663,4.43266269278094,12.796177207462,0,0.16727029029362,0,0.585446016027671,0,0,0.418175725734051,0.418175725734051,0,70,145,304,0,34,55,102,0,23,53,153,0,2,0,7,0,0,5,5,0,0.251706624771856,0.359186025973543,0.419383476959404,1,0.182661347590141,0.242842538013041,0.202706884793386,5.03930180088496,19.7927289565217,15.1774513287037,8.71786617482518,6.77293535443038,8.37651310185185,1,0,1,5,2,0,3,0,2,2,1,3,60,9,51,60,25,24,40,8,45,54,22,23,0.701608458649228,0.423414119052802,0.894397050786858,0.698209067205135,0.323780456741123,0.372106454086705,2.62513003150949,2.07125802778507,2.6964435276395,2.51147970377583,1.59468017100186,1.81619052272444,0.03642535927492,0.0161123744332418,0.0333129556043386,0.024416337456755,0.0131807466619736,0.0158251517188491,0.290333038472404,0.2466920771949,0.247209640518335,0.188578230000787,0.0945577317630059,0.137668878937353,7.00917816162109,8.54311943054199,7.79371786117554,7.99297904968262,7.5839991569519,9.48879146575928,40.7259407043457,33.1788444519043,40.4052429199219,35.7016677856445,33.4921531677246,34.1737213134766,0.0226070611938381,0.0144848480548827,0.0190195713943946,0.0215105921191915,0.0219776725039122,0.0200342513545765,113.080520091578,43.6718168854713,121.211728496477,105.444922568277,48.6805445961654,48.7032650429755,0.1058108,0.4991686,-0.8739767,-0.3314749,-0.5755404
3,12,1,THREE_CHAMBER-exp,2,2,1,0.893939393939394,0.816071428571429,1.28727963821912,4,-2.42424242424242,0.367582031092643,2.89566223351391,0.287771121122348,0.341796905245475,0.335820895522388,0.298507462686567,31.4468145752006,0.244429962799478,840.467315706366,29.0213953659431,3470.1676300578,78.9521600924741,0.146954439887543,3.7013505,6.70071576224784,0.413294797687861,0.116932217121253,130,0,0,0.0115273775216138,0.0345821325648415,0.031700288184438,0.0864553314121038,0.0201729106628242,0.0518731988472622,0.910111355532843,2.73033406659853,2.50280622771532,6.82583516649632,1.59269487218248,4.09550109989779,0.334540580587241,1.00362174176172,0.919986596614912,2.5090543544043,0.585446016027671,1.50543261264258,134,30.4887304103502,231.411975483144,32.2240281535894,0.386167146974063,0.744444444444444,11.2071094496726,1.47885963669343,0.518731988472622,40.9550109989779,15.0543261264258,0.5,1.90916414726826,2.61265966006519,0.176079829445978,0.479021863290158,0.382578072641593,0.0964437906485646,0.56189301000931,0.546982212315895,0.0163636110104024,0.0445168958933095,0.344853675705067,0.0879421025344894,0.0439773737918709,0.0436654625769767,8.917169,36.31956,0.0538510497498388,0.203971786887615,2.2234654178978,2.2234654178978,0.00458887405693531,0.0172924597014315,4.26935832316415,18.6422575502498,0.017574329496126,0.21157669398132,270.021758237854,2.49121151718826,0.677918018463167,2.51812066492549,113,25.7106457938028,0.325648414985591,9.45077140158955,0.461232293691291,0.785296066514659,0.87369351823471,0.527910856684855,0.898823271690676,1,0.233415809891729,0.195465309561999,0.218152861215907,0.233415809891729,0.837412468558436,0.934610476115985,1,5.85446016027671,0,11.1234743045258,12.0434609011407,1.92360833837663,0,5.26901414424904,4.01448696704689,2.84359493499155,0,4.51629783792775,7.69443335350654,0,0,0.16727029029362,0.16727029029362,0.16727029029362,0,0.669081161174481,0.16727029029362,70,0,133,144,23,0,63,48,34,0,54,92,0,0,2,2,2,0,8,2,0.251706624771856,0,0.274569044321115,0.291030265282155,0.182661347590141,1,0.333736722090255,0.216891818718039,3.50654257894737,6.2981313125,9.31584884337349,5.95741175714286,4.23126272289157,4.82807739473684,2,0,1,0,0,1,2,2,0,0,5,3,39,13,38,16,50,24,34,11,34,15,26,14,0.347867970229853,0.29312109521538,0.50050018062078,0.324609463646426,0.398618013069595,0.362312185792867,1.82071807768835,1.5462429002204,2.15555350413385,1.60627720065168,1.84457345310586,1.74753306594983,0.0277879409598881,0.0110225499140889,0.0139726382675225,0.0143987847407154,0.0212855627752743,0.00956704505647444,0.161239527419751,0.195761412738918,0.262678189346153,0.203736551794406,0.130130927515156,0.101313160959261,8.72351169586182,8.70794200897217,9.20664310455322,8.64433288574219,7.77459716796875,10.7040491104126,40.0806198120117,37.8764190673828,34.1178092956543,29.2377014160156,37.9362411499023,39.2991256713867,0.0214530888595855,0.0144236240976543,0.0130935787588341,0.0131644515850179,0.0233087391038267,0.0187532961770184,52.6673331502825,30.2463397327811,47.0321349017322,30.238745290786,65.6374093163759,44.1827657930553,-1.854535,0.9475735,-0.7091919,0.2157833,-1.032507
3,12,1,THREE_CHAMBER-exp,3,3,2,1.88170163170163,1.64454344105507,1.34209101651204,1,1.52680652680653,0.528437806967801,3.38879471826842,0.341089301484133,0.281096992200219,0.303664921465969,0.267015706806283,58.2936961673267,0.250572554533509,1074.22007038096,42.73755917002,2241.60392156863,80.8752867537051,0.186938069443732,3.401241,8.32117049608611,0.32156862745098,0.141072999120493,176,0,0,0.0293542074363992,0.0234833659491194,0.0821917808219178,0.0802348336594912,0.0528375733855186,0.0567514677103718,2.37402994384653,1.89922395507722,6.64728384277028,6.48901517984718,4.27325389892375,4.58979122476996,1.25452717720215,1.00362174176172,3.51267609616603,3.42904095101922,2.25814891896387,2.42541920925749,191,30.2293146183125,200.368014994827,34.2856845210217,0.373776908023483,0.764,15.9743127230407,1.54968865671589,0.489236790606654,39.5671657307755,20.9087862867025,0.222222222222222,2.32237722079699,2.50684546705086,0.224127165623944,0.424131586855974,0.340039728206293,0.0840918586496808,0.548986217035348,0.441651267389561,0.0206359830561521,0.0390509210053728,0.409279688038292,0.0816084792599705,0.0374529968408013,0.0459293248403908,7.970644,36.28849,0.118310891539065,0.0894060786868118,1.93451589494748,1.93451589494748,0.00630518235266209,0.0214154918924738,3.99398277303904,14.8575837388525,0.0181277133859581,0.218800941276173,477.201405839995,3.27891924551713,0.687003030443871,2.51812066492549,145,22.9489561238498,0.283757338551859,12.1270960462875,0.461232293691291,0.785296066514659,0.87369351823471,0.527910856684855,0.898823271690676,1,0.233415809891729,0.195465309561999,0.218152861215907,0.233415809891729,0.837412468558436,0.934610476115985,1,12.1270960462875,11.1234743045258,0,19.4869888192068,4.43266269278094,4.51629783792775,0,7.02535219233205,4.59993298307456,5.26901414424904,0,11.0398391593789,0.418175725734051,0.669081161174481,0,0.16727029029362,0,0.16727029029362,0,0.836351451468102,145,133,0,233,53,54,0,84,55,63,0,132,5,8,0,2,0,2,0,10,0.359186025973543,0.274569044321115,0,0.388516266775742,0.242842538013041,0.333736722090255,1,0.175138403497231,4.536855348,14.7872135454545,12.49522576,6.53947877067669,3.55073999166667,8.39158640163934,3,3,1,1,3,5,4,0,2,4,0,2,69,18,55,56,24,29,49,9,36,46,23,28,0.625580652182974,0.462669216982137,0.538110984522189,0.66730887685774,0.357431653243547,0.541425636461755,2.61188857133734,2.18340804075143,2.40099244562917,2.32675478474318,1.74178464485753,2.08976977412231,0.0388614354324035,0.0237494268737177,0.0274682524244866,0.0145747750334613,0.00716465744415782,0.0118061407079897,0.324113912032642,0.166783221641248,0.216091922082974,0.281149123985161,0.178273535228162,0.177338269126989,7.503737449646,8.29090976715088,7.28697681427002,8.63997364044189,7.66608095169067,7.93247556686401,35.8174629211426,37.2670440673828,39.2331085205078,31.3275604248047,35.8806076049805,39.6612319946289,0.0245009902797993,0.0194760779440673,0.0198693331887319,0.0179124461675203,0.0189558436148858,0.0273286591539496,109.470424570143,64.4463419169188,75.8412447813898,83.2928746789694,46.9536246340722,97.3173552472144,-0.603328,0.2021294,-0.4325376,-0.5175618,-1.419415
3,12,1,THREE_CHAMBER-exp,4,4,1,1.73076923076923,1.60794573643411,1.86623682213534,2,0.923076923076923,0.656659322679904,3.44417060569015,0.287554410448908,0.292461992736305,0.3342175066313,0.236074270557029,20.0724348352344,0.198245702336219,1095.63620829913,56.9555338449777,1603.91764705882,86.7352855245174,0.181405061051141,3.8347325,7.52932576211454,0.391176470588235,0.161247307416145,360,0,0,0.0249632892804699,0.0161527165932452,0.0822320117474303,0.0866372980910426,0.0572687224669604,0.0704845814977974,2.16519802337268,1.40101048571173,7.13241701816883,7.51451078699931,4.96721899479615,6.11350030128757,1.42179746749577,0.919986596614912,4.68356812822137,4.9344735636618,3.2617706607256,4.01448696704689,377,48.0164502830295,248.129292347895,59.7256864334201,0.55359765051395,1.61111111111111,31.5304497203474,1.55468579643965,0.343612334801762,29.8033139687769,19.5706239643536,0.214285714285714,2.61373598222556,2.56717027959352,0.265323212885753,0.404050020645314,0.299709785878606,0.104340234766708,0.405488704934875,0.435461987246167,0.0431064134385662,0.0656450185807822,0.417996814723058,0.0726903792839026,0.065319412493364,0.0396177667669439,9.129748,37.35335,0.196050256591754,0.080110198058673,1.67351619182446,1.67351619182446,0.0090855685994029,0.0277188352058548,2.89806253507692,10.7595004974929,0.0148166374930214,0.203366191637914,779.647677835077,3.87397551807098,0.666472858578804,2.51812066492549,225,28.6570326622855,0.330396475770925,18.8179076580323,0.461232293691291,0.785296066514659,0.87369351823471,0.527910856684855,0.898823271690676,1,0.233415809891729,0.195465309561999,0.218152861215907,0.233415809891729,0.837412468558436,0.934610476115985,1,25.4250841246303,12.0434609011407,19.4869888192068,0,12.796177207462,7.69443335350654,11.0398391593789,0,8.53078480497464,4.01448696704689,7.02535219233205,0,0.418175725734051,0.16727029029362,0.836351451468102,0,0.585446016027671,0.16727029029362,0.16727029029362,0,304,144,233,0,153,92,132,0,102,48,84,0,5,2,10,0,7,2,2,0,0.419383476959404,0.291030265282155,0.388516266775742,0,0.202706884793386,0.216891818718039,0.175138403497231,1,5.13262669345238,10.9573313,9.26468573776224,6.24239740419162,5.50488211206897,5.11037524468085,5,0,3,5,2,2,2,1,2,5,1,0,58,11,53,63,36,13,103,23,82,80,64,25,0.625747379828734,0.512937602178575,0.718926278934059,0.944164763964598,0.865432264578249,0.286348617251924,2.53779042981257,2.30300626346288,2.7621671405318,2.71948003098991,2.63642336193092,1.44469586192754,0.0641345677354218,0.0274081724334363,0.0459749353933365,0.0666956896272248,0.0472070803673566,0.00642379027295191,0.213170557750288,0.174938982312976,0.261585202063708,0.420209243195428,0.40063727011268,0.118212889238139,8.98364543914795,9.98348426818848,8.83770370483398,9.23983573913574,9.22122383117676,7.86045217514038,37.6134262084961,35.7260894775391,37.6157836914062,37.136905670166,38.2904357910156,36.8763084411621,0.037044465073997,0.0245961190408444,0.0288509191062624,0.0259083601250324,0.0246648619123501,0.0250220958344128,166.070336926728,90.1447762846947,148.813040750101,175.632773287594,152.996138442308,45.9906121436507,1.342008,0.9814184,0.2960585,-0.04139804,0.191239
4,12,1,THREE_CHAMBER-exp,1,1,2,0.571428571428571,1.83588516746411,1.49958964646465,4,-3.71428571428571,0.543991170545895,3.33596543970886,0.262656051005152,0.319210601839577,0.139344262295082,0.401639344262295,37.7711592432476,0.133530245482646,776.893435315235,26.5075624285572,3409.91987179487,48.7279277013942,0.106804250367343,3.5011935,7.89065571757189,0.342948717948718,0.128736016029387,122,0,0,0,0.0255591054313099,0.0926517571884984,0.073482428115016,0.0926517571884984,0.0479233226837061,0,1.24544224156918,4.51472812568828,3.5806464445114,4.51472812568828,2.33520420294222,0,0.677509582838522,2.45597223778964,1.94784005066075,2.45597223778964,1.27033046782223,122,18.99299418393,51.7255932469749,22.4854953849345,0.389776357827476,0.938461538461538,10.3320211382875,1.57570731611699,0.415335463258786,20.2384364254992,11.009530721126,0.625,2.42543608746734,2.63060737907957,0.230277277490854,0.423310689509483,0.312102645592674,0.11120804391681,0.406119912585878,0.384896657244366,0.038239003972313,0.0702934276193127,0.393577152184665,0.0423796635294084,0.0683107111391175,0.0704390671571306,8.286519,36.79939,0.155322404119436,0.0685358255451713,1.49343252202978,1.49343252202978,0.00543815782293677,0.0172702481136397,3.85283256671119,14.5242603057588,0.016480364597259,0.1964786028448,393.329900788143,3.42308287088308,0.707913474258116,2.22425148717739,68,10.586259053338,0.217252396166134,5.75883145412744,0.435297482662818,0.729046705067507,0.795297527100256,0.547339162803588,0.916696808709682,1,0.14550285720602,0.134350686963536,0.139004081630749,0.14550285720602,0.92335428694233,0.955335752850069,1,0,6.69040713053041,11.009530721126,8.80762457690079,0,3.04879312277335,3.98036879917632,3.3028592163378,0,1.94784005066075,4.31912359059558,4.74256707986966,0,0,0,0,0,0.0846886978548153,0.508132187128892,0.0846886978548153,0,79,130,104,0,36,47,39,0,23,51,56,0,0,0,0,0,1,6,1,0,0.216142777355933,0.330026733101981,0.266244595332375,1,0.175748590437018,0.185150208136635,0.0396919378742835,4.4348451,4.61585918571429,9.44448931428572,10.3820005938462,5.55091182352941,6.1113728852459,0,0,0,0,0,0,3,0,1,1,0,3,30,3,22,27,28,20,15,2,31,25,27,22,0.503117908037047,0.382758987991312,0.879241036280948,0.521581467725054,0.69181714190444,0.377265934637126,1.98879352847764,1.89248159211618,2.74693547960677,2.28052542737983,2.60066697408533,1.82001683098472,0.0217537977142156,0.0166074645597818,0.0611505793651529,0.0509989533451275,0.0257864926572406,0.0516164363217836,0.247413669726646,0.254539728704609,0.394959384233487,0.125806989431565,0.31101251811955,0.0491613837400336,7.28415393829346,7.37436294555664,7.62312078475952,7.63156223297119,9.47723865509033,9.73514461517334,35.222484588623,35.5370483398438,38.613883972168,43.9307899475098,32.8029365539551,32.8029251098633,0.0210210756776806,0.011508983094928,0.0160602952661033,0.0183148542704975,0.017369024399092,0.0208100671630358,54.4235649295151,31.3965058829635,100.874714566395,67.4169785697013,84.8129461407661,54.3558954298496,-0.2138947,0.3266554,0.04191294,0.6891897,-0.407921
4,12,1,THREE_CHAMBER-exp,2,2,1,1.125,0.758522727272727,1.34975436010808,3,-1.5,0.322135447716704,2.87910619597545,0.241691768557219,0.319644078516074,0.185567010309278,0.34020618556701,34.1295452354906,0.144355430513694,916.764673362373,22.4425049315261,4243.64015151515,69.6679148184358,0.141204774683076,3.1010571,7.29657533433962,0.325757575757576,0.117975681892869,96,0,0,0.00377358490566038,0.0150943396226415,0.030188679245283,0.0981132075471698,0.0264150943396226,0.0830188679245283,0.262897791767682,1.05159116707073,2.10318233414146,6.83534258595974,1.84028454237378,5.78375141888901,0.0846886978548153,0.338754791419261,0.677509582838522,2.2019061442252,0.592820884983707,1.86315135280594,97,25.5010858014652,75.885516269534,26.879950979837,0.366037735849057,0.873873873873874,8.21480369191708,1.4723093120926,0.418867924528302,29.1816548862127,9.4004454618845,0.4,1.76084146845903,2.65153337193067,0.144045766317547,0.447159005128255,0.364235169212937,0.082923835915318,0.487982938781513,0.372643448640395,0.0205047912496156,0.0636527007349038,0.350679140712891,0.0867347187251927,0.0627273745574262,0.0517744346987576,8.423371,37.2355,0.0512971611966903,0.138147190675779,1.8505744327507,1.8505744327507,0.00446496717631817,0.0164559772726922,4.49437042844941,18.8780292037862,0.0179435214941114,0.217191242185346,221.678469840437,2.32490731929833,0.673013935190391,2.22425148717739,75,19.7173343825762,0.283018867924528,6.35165233911115,0.435297482662818,0.729046705067507,0.795297527100256,0.547339162803588,0.916696808709682,1,0.14550285720602,0.134350686963536,0.139004081630749,0.14550285720602,0.92335428694233,0.955335752850069,1,6.69040713053041,0,9.73920025330376,6.01289754769189,1.94784005066075,0,4.31912359059558,1.94784005066075,3.04879312277335,0,3.38754791419261,2.96410442491854,0.0846886978548153,0,0,0,0,0,0.254066093564446,0.0846886978548153,79,0,115,71,23,0,51,23,36,0,40,35,1,0,0,0,0,0,3,1,0.216142777355933,0,0.164192861132203,0.215799984939097,0.175748590437018,1,-0.0169728098247249,0.274290510928788,1.69391076,11.318858415,5.3096113787234,10.2633025147059,5.69937872307692,4.90124881518987,0,0,0,0,0,1,0,2,0,0,0,2,10,11,25,24,13,28,10,8,15,31,12,21,0.288600723763571,0.204147698064624,0.410024730694775,0.476746663208692,0.193500581214948,0.452940958073828,1.10401893640038,1.2047875402164,1.84816777606895,2.17737442635848,1.18561989405657,2.14640129488647,0.00874036515303306,0.00645125435911211,0.0214517936700536,0.0249390995063123,0.0148522417298439,0.0455414574380204,0.107394042239987,0.147684171039286,0.195034409936738,0.180575752804201,0.0666938363428381,0.163490722778618,7.99274206161499,6.60095930099487,7.25469207763672,8.11931991577148,8.92931079864502,10.3014011383057,32.078685760498,36.0860061645508,44.1134185791016,39.1146926879883,35.9089279174805,31.9884223937988,0.0223111654354142,0.0152353751466616,0.0121762173510961,0.0135424944882043,0.018803561562034,0.0209237923719992,26.1933082211763,21.7865864597261,35.6763168387115,45.9496837984771,25.5164330396801,66.6841262895614,-1.488468,0.4665842,-0.1874449,0.4494291,-0.7988569
4,12,1,THREE_CHAMBER-exp,3,3,1,2.50357142857143,1.86611842105263,1.30901096080214,1,4.01428571428571,0.521999899593983,3.25032458114628,0.284251319642228,0.346325793400979,0.242857142857143,0.485714285714286,36.8395835668447,0.11765496639576,1221.70458033949,34.2142339333454,2734.53598014888,65.5445220582563,0.115062107601081,3.2344359,6.31972855024752,0.389578163771712,0.143704289385254,128,0,0,0.0297029702970297,0.00247524752475248,0.0891089108910891,0.051980198019802,0.0594059405940594,0.0495049504950495,1.94686699182939,0.162238915985783,5.84060097548818,3.40701723570144,3.89373398365879,3.24477831971566,1.01626437425778,0.0846886978548153,3.04879312277335,1.77846265495112,2.03252874851557,1.69377395709631,140,22.7134482380096,56.3824790547842,26.2476592850099,0.346534653465347,0.736842105263158,11.8564176996741,1.57720016981864,0.47029702970297,30.8253940372987,16.0908525924149,0.0769230769230769,2.32615867808148,2.5432105372449,0.253304769913337,0.485258273249401,0.354704579402457,0.130553693846945,0.274126105210535,0.28903750086328,0.0289161484251944,0.055394931009921,0.372366099738827,0.0599466833368898,0.0522993186647392,0.0270340126649616,7.53608,37.72713,0.134648617944333,0.103714352294024,1.50633698896099,1.50633698896099,0.00595735339447856,0.01878894649201,4.37170104557312,14.7607380392631,0.018172851409578,0.217820664424558,411.38398344256,3.19562576340132,0.688349054038127,2.22425148717739,97,15.7371748506209,0.24009900990099,8.21480369191708,0.435297482662818,0.729046705067507,0.795297527100256,0.547339162803588,0.916696808709682,1,0.14550285720602,0.134350686963536,0.139004081630749,0.14550285720602,0.92335428694233,0.955335752850069,1,11.009530721126,9.73920025330376,0,13.4655029589156,4.31912359059558,3.38754791419261,0,4.14974619488595,3.98036879917632,4.31912359059558,0,7.79136020264301,0.508132187128892,0.254066093564446,0,0.254066093564446,0,0,0,0.0846886978548153,130,115,0,159,51,40,0,49,47,51,0,92,6,3,0,3,0,0,0,1,0.330026733101981,0.164192861132203,0,0.292088162758153,0.185150208136635,-0.0169728098247249,1,0.184787500875368,3.97318538028169,3.24158119285714,6.65687915106383,7.84700481340206,4.31665666333333,5.8876659244186,3,1,1,2,2,3,0,0,0,0,0,1,36,4,25,51,42,33,30,4,16,22,35,33,0.625564801373924,0.306061770876268,0.500338078786251,0.689972490575475,0.721808759441848,0.393736599311286,2.35789536124333,1.57725590026606,2.18564491482596,2.62937530182475,2.56811024653639,1.91392423324455,0.0373075586268937,0.0166445141181974,0.0322471587488306,0.0476413215638691,0.0246101691775461,0.0158070115187911,0.271319335118889,0.162717029366406,0.272838842936932,0.358386669507146,0.355013499932848,0.100926329858823,7.94516372680664,8.03781414031982,6.78918123245239,7.57899856567383,7.11700105667114,8.21542072296143,36.2602844238281,35.8862152099609,38.7976989746094,38.7712783813477,36.8674011230469,39.3175354003906,0.0265594999407417,0.0165853061950607,0.0149372647311098,0.0152971766319229,0.0189267689338101,0.0219887923051104,89.4258363004774,36.056455668062,53.1169133838266,75.3997836187482,96.6779357139021,60.6890667621046,0.2655174,-0.08770122,-0.2015529,-0.2946685,-0.637988
4,12,1,THREE_CHAMBER-exp,4,4,1,1.8,1.53947368421053,1.84164503262513,2,1.2,0.471287801296493,3.3083290189535,0.345259321460114,0.270284715295845,0.28804347826087,0.277173913043478,15.4980317074312,0.166256649892813,1084.63731098291,28.2860250835083,3062.48048048048,60.0185810150287,0.113155761648045,3.9680193,6.7872438008982,0.414414414414414,0.14658273381295,180,0,0,0.00898203592814371,0.00898203592814371,0.062874251497006,0.0718562874251497,0.0538922155688623,0.062874251497006,0.539089051033192,0.539089051033192,3.77362335723235,4.31271240826554,3.23453430619915,3.77362335723235,0.254066093564446,0.254066093564446,1.77846265495112,2.03252874851557,1.52439656138668,1.77846265495112,183,32.8844321130247,106.37969661107,37.4958964647142,0.547904191616767,1.64864864864865,15.4980317074312,1.47797043289855,0.332335329341317,19.9462948882281,9.4004454618845,0,2.23471147803318,2.6249172404229,0.186541044097068,0.395811314411069,0.275345409273163,0.120465905137906,0.172193677083963,0.302748110587618,0.0732854103782169,0.155500333716705,0.368047083182842,0.056851678320398,0.15493609449925,0.0237895903689858,8.713418,35.64932,0.122985840758045,0.0441889275461229,1.64259024082529,1.64259024082529,0.00767791224643588,0.0241336725389399,3.000523304211,11.4051914967714,0.0145654594255025,0.195472207120371,480.622088612989,3.05273826965649,0.680653210815927,2.22425148717739,124,22.2823474427053,0.37125748502994,10.5013985339971,0.435297482662818,0.729046705067507,0.795297527100256,0.547339162803588,0.916696808709682,1,0.14550285720602,0.134350686963536,0.139004081630749,0.14550285720602,0.92335428694233,0.955335752850069,1,8.80762457690079,6.01289754769189,13.4655029589156,0,4.74256707986966,2.96410442491854,7.79136020264301,0,3.3028592163378,1.94784005066075,4.14974619488595,0,0.0846886978548153,0.0846886978548153,0.0846886978548153,0,0,0,0.254066093564446,0,104,71,159,0,56,35,92,0,39,23,49,0,1,1,1,0,0,0,3,0,0.266244595332375,0.215799984939097,0.292088162758153,0,0.0396919378742835,0.274290510928788,0.184787500875368,1,4.11621796666667,14.27597756,9.77930259767442,5.25930915294118,5.13003157272727,5.16697873043478,0,1,0,0,0,2,0,0,0,1,2,0,22,6,14,32,24,13,43,10,24,56,33,18,0.617724029359449,0.403340017691164,0.365259394422163,0.75995943054565,0.522616439815308,0.268180847805304,2.24140579923224,2.0287352832867,1.85239814018216,2.64977949633055,2.3257438948065,1.51622673337597,0.0369395432520292,0.0750392493759465,0.0493595027926234,0.0792817909839482,0.11458039059497,0.081114194752035,0.247587454764777,0.181811445534834,0.141710586034104,0.324578790882061,0.16584308585772,0.0631909186259131,8.8941650390625,8.9651927947998,7.77747249603271,9.0015926361084,8.05020904541016,9.95879459381104,37.0428161621094,39.8022308349609,41.4257621765137,35.1438598632812,31.6088314056396,28.3497619628906,0.0327516279431234,0.0251710526497201,0.0194055911597347,0.0236212121486369,0.0206687843449117,0.0222421497615439,109.25943081826,72.8701974209398,50.8232432473451,128.806469846517,76.8052026256919,42.1711159478873,1.078969,0.4434344,0.4710297,0.7333312,0.07760903
1,13,1,THREE_CHAMBER-exp,1,1,1,1.80681818181818,1.68905198101755,1.55601546756713,1,1.22727272727273,0.86083191958049,3.50111151817286,0.371457955365059,0.271165334355493,0.557932263814617,0.133689839572193,73.9177089440061,0.273113308806455,1131.88360817177,116.08497019053,829.882902298851,134.852074545635,0.126990161382732,2.133952,3.39011900646088,0.487068965517241,0.19056530214425,546,0,0,0.0107681263460158,0.00646087580760948,0.0394831299353912,0.0308686288585786,0.0287150035893754,0.0244077530509691,1.45210417672974,0.871262506037843,5.32438198134238,4.16269863995858,3.87227780461264,3.29143613392074,1.25001762588511,0.750010575531065,4.58339796157873,3.58338386087064,3.33338033569362,2.83337328533958,561,54.3086962096922,575.863118917434,64.0275374299672,0.402727925340991,1.0767754318618,46.750659208103,1.5708107701112,0.374012921751615,50.4364184050796,43.4172788724094,0.208333333333333,2.65304741874933,2.40580238227409,0.320386753380271,0.372182706162204,0.266333064048296,0.105849642113908,0.841718819960881,0.722897995832416,0.0679504417237957,0.0789357831397679,0.458850944903564,0.0570609316425461,0.076105152071328,0.032969634151918,9.175822,37.13424,0.151791582346976,0.178811693389608,2.11858165388833,2.11858165388833,0.0126057839952409,0.0345301086165065,2.89117033416498,10.1704734751766,0.0131803610180984,0.186922254791074,1264.21633666754,4.45718459982646,0.662849581241644,3.19390416586784,412,39.8844613875102,0.295764536970567,34.3338174576443,0.675604444153112,0.847037442540067,0.924759994505644,0.73057274121625,0.915953812419053,1,0.589534871853606,0.577409551650737,0.58854166113764,0.589534871853607,0.979432395297083,0.998315263840382,1,0,46.000648632572,38.3338738604767,31.7504476974817,0,18.2502573379226,15.5835530693677,12.9168488008128,0,17.5002467623915,13.5001903595592,12.4168417504587,0,0.416672541961703,0.250003525177022,0.583341558746384,0,0.166669016784681,0.333338033569362,0.250003525177022,0,552,460,381,0,219,187,155,0,210,162,149,0,5,3,7,0,2,4,3,0,0.589715546238594,0.546307287863749,0.687719877802357,1,0.22261271059164,0.254719133689329,0.342008082138395,2.38584689068826,3.73375443253968,2.5326627394636,2.70924569035533,5.19288079020979,2.5065237826087,4,0,5,4,2,0,2,3,2,2,0,0,192,93,101,72,52,11,217,96,95,78,58,17,0.957946067603051,0.960627587548278,0.915591121484507,0.930253128212728,0.921921671598661,0.478623928417601,2.5082629443854,2.74734292792528,2.69315425879537,2.47478401866951,2.4682129524213,1.8671411178418,0.0992094916572889,0.0854689772064204,0.0629396536952908,0.0663894265946707,0.0695665865507069,0.0241247875360668,0.293923690706086,0.38496698126314,0.381810435451081,0.464508331095037,0.251119539495316,0.145976037310288,8.11168384552002,8.31079483032227,9.06948089599609,9.03285789489746,10.2746324539185,10.705584526062,38.5459098815918,36.2061347961426,36.8698348999023,34.7972526550293,39.9803047180176,35.737434387207,0.0476146745091173,0.0314015214040375,0.0293642484219952,0.0283371073472415,0.0360856521806614,0.0335319654553133,322.446575775743,213.404739461839,189.017667092383,187.676661960781,237.046649174765,114.411066133529,1.110677,-0.794098,1.235783,0.3306076,-0.5326417
1,13,1,THREE_CHAMBER-exp,2,2,1,1.19583333333333,1.52668034168821,1.51878369524218,4,-1.21666666666667,0.642145837546291,3.36745170752133,0.494050504485818,0.126959125865164,0.557299843014129,0.0941915227629513,98.5847234281389,0.426241143243556,947.731319404163,134.168558511668,712.746426351771,208.937831045267,0.178236422554714,2.033923,3.07101455962733,0.509011808576756,0.244455006337136,631,0,0,0.00372670807453416,0.0062111801242236,0.0304347826086957,0.0298136645962733,0.0267080745341615,0.0236024844720497,0.77865030203205,1.29775050338675,6.35897746659507,6.2292024162564,5.58032716456302,4.93145191286965,0.500007050354043,0.833345083923405,4.08339091122469,4.00005640283235,3.58338386087064,3.16671131890894,637,82.666707065736,1921.87042262522,84.4355579586321,0.395652173913043,1.02576489533011,53.0840818459209,1.58128368979059,0.385714285714286,80.5903062603172,51.7507297116435,0.1875,2.34622041457672,2.18849485305356,0.112835229228639,0.175715892918958,0.0871187353359745,0.088597157582984,0.657050220750552,0.791805725139058,0.0780870110203256,0.121603234739798,0.588976979883842,0.0702935689834224,0.117922804723259,0.0434103234739798,9.942142,40.94636,0.020949123043194,0.203417321272199,2.60744884418631,2.60744884418631,0.0218111155554652,0.047452104192999,2.1891653669703,5.08367452753068,0.0126349698457139,0.170309939717048,1283.48451421224,4.07235051234416,0.651959871809888,3.19390416586784,553,71.7656028372873,0.343478260869565,46.0839831409643,0.675604444153112,0.847037442540067,0.924759994505644,0.73057274121625,0.915953812419053,1,0.589534871853606,0.577409551650737,0.58854166113764,0.589534871853607,0.979432395297083,0.998315263840382,1,46.000648632572,0,48.3340148675575,39.8338950115388,17.5002467623915,0,19.333605947023,16.2502291365064,18.2502573379226,0,17.8335847959609,15.66688757776,0.166669016784681,0,0.0833345083923405,0.250003525177022,0.416672541961703,0,0.250003525177022,0.166669016784681,552,0,580,478,210,0,232,195,219,0,214,188,2,0,1,3,5,0,3,2,0.589715546238594,0,0.493668599867552,0.590978275802983,0.22261271059164,1,0.501806896952912,0.554303822186116,2.32231679513889,2.97253934640523,2.50638140178571,2.23106894759825,3.13188143362832,3.31076376470588,2,1,1,2,0,0,4,2,1,2,1,0,232,127,132,71,44,15,244,111,137,85,39,21,0.954477463334213,0.949022404579092,0.917096190092481,0.543095703396345,0.270301060031398,0.218850587488827,2.35976128865984,2.40081063563817,2.47326683645356,2.12272318415227,1.39792261305845,1.17385499788253,0.111439910714699,0.121081051042429,0.110541500530247,0.06808898850596,0.031175759596549,0.0261903769469106,0.183993479579692,0.186771202845261,0.145824939681481,0.0905259843103113,0.0406461143759522,0.0292424473992562,9.83567810058594,9.13424682617188,10.3490705490112,10.4381990432739,10.6158666610718,10.0542726516724,40.5002059936523,39.7028465270996,41.0370597839355,42.0935096740723,41.795955657959,44.0086517333984,0.0589130212584046,0.0399100537743328,0.0432080668280415,0.0501032191867106,0.0489143461723123,0.039462890443605,397.427241409197,266.439518997446,277.266164835542,187.636555854231,93.3285724967718,61.2858688589185,0.3448122,0.05731188,0.5043269,0.2519118,0.9243529
1,13,1,THREE_CHAMBER-exp,3,3,1,1.7625,1.42515951790145,1.41405115164963,2,1.05,0.584149039136898,3.31600087127549,0.45668829669021,0.0992893731626257,0.525193798449612,0.11046511627907,113.418265921975,0.432358097852035,1048.35163303248,123.418406929056,789.614189189189,211.278969338735,0.169889552037652,2.067266,2.89476226266036,0.520945945945946,0.242171850289931,505,0,0,0.00742741390952059,0.00540175557056043,0.0263335584064821,0.0290344361917623,0.0189061444969615,0.0236326806212019,1.5692563556557,1.14127734956778,5.56372707914293,6.13436575392682,3.99447072348723,4.99308840435904,0.916679592315746,0.666676067138724,3.25004582730128,3.58338386087064,2.33336623498554,2.91670779373192,516,73.6123890471218,2321.42354120447,73.9883789436467,0.348413234301148,0.894280762564991,43.0006063304477,1.56194574780804,0.389601620526671,82.3146288375761,48.0840113423805,0.105263157894737,2.32361805109743,2.30103474449639,0.138082873960139,0.236382951453899,0.131862367489532,0.104520583964367,0.863362626131046,0.834445792880259,0.091987070143238,0.157471918945809,0.529667942607756,0.0379518701103423,0.153781511494701,0.0385253168821937,9.969417,40.13044,0.00508174259110735,0.26742504811806,2.71922777596465,2.71922777596465,0.0205096285790205,0.0391969554261706,2.65040645814885,6.06484397393196,0.0125421874287209,0.176510003732586,955.19060678035,3.69364437173455,0.641158901265239,3.19390416586784,425,60.6303591957883,0.286968264686023,35.4171660667447,0.675604444153112,0.847037442540067,0.924759994505644,0.73057274121625,0.915953812419053,1,0.589534871853606,0.577409551650737,0.58854166113764,0.589534871853607,0.979432395297083,0.998315263840382,1,38.3338738604767,48.3340148675575,0,36.7505182010222,13.5001903595592,17.8335847959609,0,11.6668311749277,15.5835530693677,19.333605947023,0,13.1668523259898,0.333338033569362,0.250003525177022,0,0.333338033569362,0.250003525177022,0.0833345083923405,0,0.333338033569362,460,580,0,441,162,214,0,140,187,232,0,158,4,3,0,4,3,1,0,4,0.546307287863749,0.493668599867552,0,0.548458404792815,0.254719133689329,0.501806896952912,1,0.540548262913865,2.22445442857143,2.5199034924812,2.07560175,2.58396509507042,3.31174444117647,3.14401494827586,3,3,2,3,0,0,1,2,3,2,0,0,207,107,104,106,35,18,174,97,106,82,43,14,0.793666671297647,0.806963109781511,0.791277085446218,0.764960312682344,0.227441337056642,0.120549835818061,2.36437976580947,2.63859660582168,2.67743743466742,2.4820276719756,1.27541425281313,0.723845640296788,0.116547882021145,0.157072863507118,0.151196876866864,0.0965323379859034,0.0251091753613322,0.00545574960980738,0.129088576760815,0.230793098018876,0.235684482048005,0.176897998499569,0.0380110865669153,0.0180113838985916,10.2465419769287,9.74411773681641,9.49209976196289,10.2447166442871,9.79640769958496,10.2153778076172,39.4636726379395,39.6365585327148,40.6009750366211,40.1668281555176,43.8004722595215,37.5823173522949,0.0448128738758208,0.0361955462915371,0.0419796939524499,0.0338069959997189,0.0426901932459345,0.0322830114415249,247.546315290034,202.767450325191,227.362022446468,181.881638478488,68.8592817056924,26.8917485307902,-0.2903465,-0.4420016,0.1702439,0.4900236,1.036458
1,13,1,THREE_CHAMBER-exp,4,4,1,1.23484848484848,1.35910815939279,1.51114968554106,3,-1.06060606060606,0.738468330649904,3.42887262402085,0.443752346414803,0.140468390179745,0.55959595959596,0.109090909090909,46.4173211745337,0.478953389079459,872.033439391583,108.334860910043,905.220939183988,146.702108152289,0.126574578474943,2.033923,3.10607998923077,0.50423402617398,0.204826199367998,486,0,0,0.00692307692307692,0.0107692307692308,0.0323076923076923,0.0392307692307692,0.0253846153846154,0.0284615384615385,1.01562997951585,1.57986885702465,4.73960657107396,5.7552365505898,3.72397659155811,4.17536769356515,0.750010575531065,1.16668311749277,3.5000493524783,4.25005992800937,2.75003877694724,3.0833768105166,495,55.8596488733716,545.702860968608,56.5792758745097,0.380769230769231,1.01020408163265,41.2505816542086,1.57771669097457,0.376923076923077,55.2954099958628,40.8339091122469,0.0869565217391304,2.59270791275838,2.38826628256169,0.305768883441417,0.414058221254144,0.296880944517143,0.117177276737001,0.895192663134363,0.862341786265398,0.0699356131416495,0.0947036050687526,0.421691242563474,0.0326412783089665,0.0909806389036377,0.0369056528046624,9.148648,37.56052,0.012718915009344,0.0779330779537366,2.47425174860258,2.47425174860258,0.0135007556527853,0.0325317020743293,3.04314575698966,8.89338342555167,0.016067554968703,0.21013944089585,1026.83064427413,3.97342872375591,0.667201038462724,3.19390416586784,401,45.2519579762061,0.308461538461538,33.4171378653286,0.675604444153112,0.847037442540067,0.924759994505644,0.73057274121625,0.915953812419053,1,0.589534871853606,0.577409551650737,0.58854166113764,0.589534871853607,0.979432395297083,0.998315263840382,1,31.7504476974817,39.8338950115388,36.7505182010222,0,12.4168417504587,15.66688757776,13.1668523259898,0,12.9168488008128,16.2502291365064,11.6668311749277,0,0.250003525177022,0.166669016784681,0.333338033569362,0,0.583341558746384,0.250003525177022,0.333338033569362,0,381,478,441,0,149,188,158,0,155,195,140,0,3,2,4,0,7,3,4,0,0.687719877802357,0.590978275802983,0.548458404792815,0,0.342008082138395,0.554303822186116,0.540548262913865,1,2.35576518609866,2.95003017821782,2.41594330150754,2.57123927037037,3.87344440178571,3.90958415492958,1,4,2,2,0,0,3,1,4,5,1,0,191,67,70,91,45,26,187,90,69,95,36,18,0.974677799543385,0.991502190443553,0.969792115292886,0.872444868434458,0.396773132904505,0.225607751054794,2.48940454485266,2.03750215524366,2.20891548750001,2.56088522548632,1.89057673616165,1.19446853397766,0.122470905866063,0.0481573414591225,0.0571231423980142,0.0988941270179403,0.0659312669899091,0.0270332856302595,0.255509708850267,0.63323731811909,0.613026021478487,0.215163611777455,0.0831862997077851,0.0344666286894623,9.31274032592773,9.19052982330322,9.25688934326172,8.86293125152588,9.38581466674805,8.89255905151367,40.1391105651855,32.7242851257324,32.7934379577637,42.5707130432129,41.2184066772461,42.3597793579102,0.0453104486240756,0.0230743240034752,0.0249828638515391,0.035976884685743,0.0335970303939137,0.0362854747465363,314.454513451084,163.712328804657,172.481692031026,222.840823743492,94.978804923594,58.1656160186976,-0.4038052,-0.9834882,1.209228,0.8925993,0.3193597
2,13,1,THREE_CHAMBER-exp,1,1,1,2.27622377622378,1.99094827586207,1.52616993784658,1,3.10489510489511,0.683416610419479,3.46149255317206,0.250904262880151,0.372380209231185,0.365930599369085,0.220820189274448,32.3045440681231,0.17068549481912,1161.01205916733,61.6569757540417,1440.41095890411,90.2187257582118,0.11342486485745,2.6007618,4.52599513077975,0.453424657534247,0.164594877939194,292,0.00315457413249211,0,0.0341997264021888,0.00957592339261286,0.094391244870041,0.0451436388508892,0.0601915184678523,0.0355677154582763,3.08545573728495,0.863927606439785,8.51585783490645,4.07280157321613,5.4304020976215,3.20887396677634,2.10865170157461,0.590422476440892,5.81987869634593,2.78342024607849,3.71122699477132,2.1929977696376,317,39.1235787487731,153.091130987115,52.1024936790173,0.433652530779754,1.01602564102564,26.7377035759661,1.57828986044626,0.426812585499316,38.5064876013161,26.3159732356512,0.03125,2.49396726010439,2.33143295811617,0.28194996500175,0.412559426714387,0.338639966987381,0.0739194597270058,0.773210283276174,0.621284755512943,0.0402120518974051,0.0588397344816116,0.449457429382374,0.044353276170902,0.0577800842919148,0.0347901332507256,9.059357,37.06625,0.249103526794747,0.0650171376962692,1.55579852700622,1.55579852700622,0.00725574046373367,0.0291922122282158,4.36331261740042,17.1304358521366,0.0163505660157425,0.210739248986344,844.851814096794,3.91253951445864,0.655163747793057,2.43966673086485,216,26.6583375701419,0.295485636114911,18.2187507016047,0.454311059467779,0.700124652445881,0.762542673643862,0.59578443957349,0.918144881125521,1,0.371872558434227,0.306208100420661,0.363608962399979,0.371872558434228,0.823422146850395,0.977778419389044,1,0,22.0986698325019,22.9421305131318,16.6161754084079,0,9.7841438953062,9.19372141886531,7.75983826179457,0,9.61545175918023,10.4589124398101,6.24160903666085,0,0.674768544503876,0.674768544503876,0.759114612566861,0,0.168692136125969,0.168692136125969,0.253038204188954,0,262,272,197,0,116,109,92,0,114,124,74,0,8,8,9,0,2,2,3,0,0.363100594970251,0.379688828058597,0.32046913279336,1,0.0350286484119108,0.337590684858055,0.139437151187395,4.21617750689655,4.02670793512195,3.91603707969543,4.69082979285714,3.32319563333333,4.0410646375,2,9,6,2,5,1,1,3,2,0,0,1,31,102,88,28,44,19,29,87,77,54,44,26,0.366681257854531,0.678279675459395,0.638112041938158,0.934624450649958,0.923811111574209,0.622147552241735,1.73499016705572,2.39518470873707,2.47741344213416,2.3127524048154,2.47622489788919,2.15682874223877,0.0315028452816335,0.0494452059869591,0.0480927307501725,0.0372330818711013,0.0462959103812686,0.0278720690670068,0.106515671406449,0.191890189685833,0.261784687200433,0.556180737900406,0.381495528788489,0.185617580692632,8.47926044464111,7.7169623374939,10.0086040496826,8.67239761352539,9.61984443664551,9.88688659667969,39.0394020080566,39.5365447998047,36.3455009460449,33.8398361206055,36.5790481567383,40.0183982849121,0.0396157039974462,0.0352312665009555,0.0325178202943573,0.0214580021730747,0.0272681587454626,0.0277180789902224,97.6923260577023,170.906873796135,148.248742721975,143.704240553081,180.187992990017,104.192258924246,1.047775,-0.9552927,0.4440634,0.2866471,-0.3032866
2,13,1,THREE_CHAMBER-exp,2,2,1,1.07727272727273,1.45652173913043,1.50714941624033,3,-1.69090909090909,0.519390436728164,3.29726410605187,0.509153226775037,0.228130707701891,0.381381381381381,0.231231231231231,68.3203151310175,0.18821415224654,851.905105599157,67.7298926545766,1328.89401496259,130.4026563932,0.141375612353407,2.4007032,3.90292819601494,0.482543640897756,0.261703394877904,330,0,0,0.0037359900373599,0.0149439601494396,0.0435865504358655,0.0510585305105853,0.0398505603985056,0.0361145703611457,0.48718302513026,1.94873210052104,5.68380195985303,6.65816801011355,5.19661893472277,4.70943590959251,0.253038204188954,1.01215281675581,2.95211238220446,3.45818879058236,2.6990741780155,2.44603597382655,333,54.0773157894588,258.247431311146,66.8947734719768,0.414694894146949,0.994029850746269,28.0872406649738,1.58461118084515,0.417185554171856,54.402104472879,28.2559328010998,0.333333333333333,2.21042763888974,2.33256660183449,0.112410004499775,0.216426789079691,0.137872582360311,0.0785542067193801,0.546206294659903,0.672927795967603,0.0733447702614869,0.141213170430155,0.553307272434659,0.0371495653926507,0.134324429610756,0.0519032026628443,9.418563,38.94622,0.191606264843507,0.0998632989332115,1.81471092106075,1.81471092106075,0.0181204425171018,0.0462809206141265,2.62214729231777,6.62681876302718,0.0124608007499303,0.168425165694439,1004.11085364409,3.52894521957867,0.65669763055701,2.43966673086485,260,42.2225288446225,0.323785803237858,21.929977696376,0.454311059467779,0.700124652445881,0.762542673643862,0.59578443957349,0.918144881125521,1,0.371872558434227,0.306208100420661,0.363608962399979,0.371872558434228,0.823422146850395,0.977778419389044,1,22.0986698325019,0,25.8942428953362,19.7369799267384,9.61545175918023,0,9.10937535080233,9.36241355499128,9.7841438953062,0,11.2180270523769,7.25376185341667,0.168692136125969,0,0,0.0843460680629845,0.674768544503876,0,0.337384272251938,0,262,0,307,234,114,0,108,111,116,0,133,86,2,0,0,1,8,0,4,0,0.363100594970251,0,0.275183897055147,0.30425900579971,0.0350286484119108,1,0.18494396564892,0.34466984267879,3.12836732352941,3.6553917037037,3.27129594757709,3.87891396666667,2.95729668031496,2.37391939836066,1,1,0,1,0,0,4,2,4,0,1,1,34,96,99,36,40,30,39,88,90,39,55,22,0.82936782501871,0.792072651155898,0.545274779218013,0.291209936231401,0.309409688937051,0.420141273422937,2.54894379234426,2.54048643115074,2.21832093959034,1.54247463554287,1.61277346958021,1.74731429894592,0.154468904295928,0.110597584469472,0.0635000023154902,0.0394096426272478,0.0350843069969482,0.0362405572451683,0.157749568147908,0.15436518227623,0.089192681198683,0.0776893260534322,0.0835845640163566,0.112621406847837,9.41719341278076,9.12153244018555,9.91924285888672,8.97036647796631,10.1324167251587,9.01373481750488,38.8975601196289,39.437801361084,40.533275604248,39.6036682128906,36.5747985839844,36.9715461730957,0.0550975956961473,0.0389000160992545,0.0428399251290578,0.0478319504822282,0.0542387109536788,0.039759262386199,311.576903661713,217.801190139726,164.419632645324,97.3380192313343,117.589525347576,95.4619889892638,0.3508113,-0.1774157,0.6732451,0.458848,0.6437082
2,13,1,THREE_CHAMBER-exp,3,3,1,2.00227272727273,1.48097826086957,1.58095692186601,2,2.00909090909091,0.441479488525574,3.30054001806622,0.250986132725124,0.220503180288919,0.328530259365994,0.230547550432277,58.7048633718372,0.313254397389303,1086.4484255479,69.5855061519622,1318.36165048544,157.61888821689,0.139516776908349,2.1673015,3.18654954715152,0.514563106796116,0.244031830238727,338,0,0,0.0109090909090909,0.0096969696969697,0.0375757575757576,0.0533333333333333,0.0266666666666667,0.0436363636363636,1.71947878054789,1.52842558270924,5.92264913299829,8.4063407049008,4.2031703524504,6.87791512219157,0.759114612566861,0.674768544503876,2.61472810995252,3.71122699477132,1.85561349738566,3.03645845026744,347,66.2954596500132,317.896216034677,71.0363984261361,0.420606060606061,1.12662337662338,29.2680856178556,1.56576682353128,0.373333333333333,58.8443849343056,25.9785889633992,0.117647058823529,1.99143803194775,2.26815105741982,0.141634324533773,0.320817451806866,0.204201924540188,0.116615527266679,0.76996334456971,0.780416375830779,0.0437696865156742,0.0991431938590251,0.531874533286618,0.0290804463460987,0.095083893389392,0.0190843747013919,8.418636,38.3926,0.0667395712784142,0.0701119811117545,2.13718453714419,2.13718453714419,0.0196586810052395,0.0433838715252031,2.92768023195008,9.86676754795729,0.015550417712116,0.205933830341612,798.740458650514,3.0191021721309,0.653334074089451,2.43966673086485,286,54.6412145818552,0.346666666666667,24.1229754660136,0.454311059467779,0.700124652445881,0.762542673643862,0.59578443957349,0.918144881125521,1,0.371872558434227,0.306208100420661,0.363608962399979,0.371872558434228,0.823422146850395,0.977778419389044,1,22.9421305131318,25.8942428953362,0,20.7491327434942,10.4589124398101,11.2180270523769,0,7.59114612566861,9.19372141886531,9.10937535080233,0,7.67549219373159,0.168692136125969,0.337384272251938,0,0.253038204188954,0.674768544503876,0,0,0,272,307,0,246,124,133,0,90,109,108,0,91,2,4,0,3,8,0,0,0,0.379688828058597,0.275183897055147,0,0.288650411229439,0.337590684858055,0.18494396564892,1,0.417228541660935,2.14892877142857,3.11081219108911,2.8513316493617,2.48841005,2.7162885971831,2.66970854915254,2,2,4,0,1,0,0,5,3,0,0,0,19,78,81,65,49,16,21,93,113,40,58,22,0.152567343038827,0.524822169531713,0.678012568480622,0.75475717454628,0.343382560654265,0.251756107132346,0.885187906942185,2.23460581935555,2.26708506700013,2.51564951455983,1.66586470961825,1.10494648966328,0.0138333874619335,0.0742812685240071,0.0906560709836665,0.0490606056396078,0.0256510000602027,0.00657313842833317,0.0539073789049078,0.159028601066983,0.134094666499951,0.287532937847613,0.111263933462075,0.100250171686451,8.70363235473633,7.20455026626587,8.44532203674316,8.9007568359375,9.11423397064209,8.19405460357666,34.1371154785156,40.1279411315918,43.1705055236816,35.0512428283691,37.7415885925293,33.8095855712891,0.0449523910789707,0.0482987036674147,0.0509215596919871,0.0354109248407631,0.0446555783968304,0.0311161527467035,42.6148667428643,177.884125607088,240.706212664023,189.377626048401,108.289777612314,39.7353270575404,-0.210844,-0.980228,0.7695292,0.8330473,0.8232309
2,13,1,THREE_CHAMBER-exp,4,4,1,0.644230769230769,1.07155172413793,1.38572372404708,4,-3.42307692307692,0.422050772461377,3.23683494042139,0.311104497447302,0.30344520826831,0.342629482071713,0.235059760956175,34.0758114974457,0.30044517850904,900.634409685605,57.1022880786405,1557.90236686391,135.297200726877,0.142018909693995,2.334017,3.77885183249631,0.476331360946746,0.201909641360037,248,0,0,0.00443131462333826,0.0192023633677991,0.0324963072378139,0.0576070901033973,0.0280649926144756,0.0384047267355982,0.599544464077743,2.59802601100355,4.39665940323678,7.79407803301065,3.79711493915904,5.1960520220071,0.253038204188954,1.0964988848188,1.85561349738566,3.2894966544564,1.60257529319671,2.1929977696376,251,50.1618868278378,334.866296986371,55.3457769478465,0.370753323485968,0.856655290102389,21.1708630838091,1.57964064471171,0.432791728212703,58.5555093249262,24.7133979424545,0.1875,1.94216800442125,2.27406665320633,0.160241206689666,0.37967281935097,0.222977425349652,0.156695394001318,0.549334240935051,0.860539838166676,0.0289391780410979,0.0685680015992537,0.514054552320028,0.0162091024188712,0.0648789824008055,0.0214955243108771,8.790862,39.50718,0.0936636976818226,0.0688783096246073,2.1641437699444,2.1641437699444,0.010125994682312,0.0310866698812082,4.17863181906868,13.8570907436641,0.0169707318707125,0.220846397939525,552.192517099902,2.88324228297743,0.652403236940552,2.43966673086485,229,45.765227424601,0.338257016248154,19.3152495864235,0.454311059467779,0.700124652445881,0.762542673643862,0.59578443957349,0.918144881125521,1,0.371872558434227,0.306208100420661,0.363608962399979,0.371872558434228,0.823422146850395,0.977778419389044,1,16.6161754084079,19.7369799267384,20.7491327434942,0,6.24160903666085,7.25376185341667,7.67549219373159,0,7.75983826179457,9.36241355499128,7.59114612566861,0,0.253038204188954,0,0,0,0.759114612566861,0.0843460680629845,0.253038204188954,0,197,234,246,0,74,86,91,0,92,111,90,0,3,0,0,0,9,1,3,0,0.32046913279336,0.30425900579971,0.288650411229439,0,0.139437151187395,0.34466984267879,0.417228541660935,1,2.04453826818182,3.049083596,3.27691945212121,3.82111926,3.10424261,3.28096104,0,2,0,0,0,1,0,4,1,3,5,0,11,72,78,44,67,21,6,80,66,40,43,16,0.0922068936302405,0.712317538529935,0.670033389368195,0.332990640788749,0.346193565715926,0.446316099283822,0.560860593786185,2.64593308791549,2.46459001960887,1.58992723789729,1.50955159825395,1.66873333180559,0.0133532903128633,0.0638152045050385,0.0381963257802044,0.0238449177306344,0.0171809370325604,0.0162856862552732,0.0165256969645622,0.343865775044458,0.326465589500641,0.0942960215247966,0.0615179427332972,0.113867359952909,9.09414005279541,8.27484607696533,9.23747825622559,9.15152072906494,9.24984073638916,7.98741674423218,35.9284973144531,37.3283996582031,39.8207092285156,39.5688171386719,40.386360168457,43.0183029174805,0.0392085446546284,0.0307862753419599,0.0276079502738138,0.0396241127083937,0.0349685951205011,0.0250866145803638,20.3884432204068,156.086415983737,131.745138706639,92.6411755122244,85.9528068061918,65.3506309818476,-1.12121,-1.004101,0.4926638,0.05502623,0.4927758
3,13,1,THREE_CHAMBER-exp,1,1,1,2.48030303030303,2.19362637362637,1.66037849903461,1,3.92121212121212,0.630378828704632,3.35381261017473,0.238482253398641,0.387237536720056,0.276923076923077,0.225641025641026,20.4651826999091,0.172707056912502,1235.23267449262,35.2643850655458,2329.38701923077,55.9415758584576,0.097704113013754,2.7342408,6.28753840863309,0.360576923076923,0.142019543973941,178,0,0,0.0407673860911271,0.00479616306954436,0.100719424460432,0.0335731414868106,0.0599520383693046,0.0287769784172662,2.28059182156782,0.268304920184449,5.63440332387343,1.87813444129114,3.35381150230561,1.60982952110669,1.43763680123328,0.169133741321563,3.55180856775282,1.18393618925094,2.11417176651954,1.01480244792938,195,26.1597297179838,118.092892444521,37.9179116261613,0.467625899280576,1.2037037037037,16.4905397788524,1.58393773787341,0.388489208633094,21.7326985349404,13.6998330470466,0,2.51013794541547,2.47431718930645,0.283480800080209,0.449699112932987,0.373982184105857,0.0757169288271307,0.510073892934985,0.478058947092031,0.0260317450370964,0.0412953986582785,0.40260590690456,0.0441769064361129,0.0404591525459532,0.0622226750680615,8.552099,38.9699,0.310095714766764,0.0308719285419117,1.36093649624062,1.36093649624062,0.00621944828890264,0.0234884973710996,4.36617796150464,17.7004008523628,0.017669675051985,0.227575962635799,627.048925818875,3.66516275391868,0.659910054974833,2.10289904905768,133,17.8422771922659,0.3189448441247,11.2473937978839,0.365387368841338,0.620582567649594,0.679010516451491,0.538117392865802,0.91395133449885,1,0.24688398213608,0.202232310010745,0.243608400487375,0.246883982136079,0.819139047665218,0.986732303892851,1,0,11.0782600565624,13.4461324350642,10.7399925739192,0,5.24314598096845,5.75054720493314,5.49684659295079,0,3.38267482643126,6.25794842889782,4.05920979171751,0,0.253700611982344,0.761101835947033,0.422834353303907,0,0.0845668706607814,0.0845668706607814,0,0,131,159,127,0,62,68,65,0,40,74,48,0,3,9,5,0,1,1,0,0,0.251070752707038,0.322544083366754,0.284290718367756,1,0.11346387698311,0.191104033880455,0.213553259873939,6.59266422857143,4.08607835,5.12123259363057,6.31302419016393,6.42637527272727,7.33523018709677,4,1,6,1,1,4,1,0,0,0,0,1,13,24,65,24,13,23,29,25,76,21,16,28,0.530804509746439,0.394611191641697,0.931546626653329,0.513305361046275,0.947177081355446,0.543709406957795,2.11529421891644,1.90392794400237,2.71930454404553,2.23370602982466,2.55430425372917,2.17128422898938,0.0281088977555614,0.0189784605124833,0.0412452298914453,0.0250546478455782,0.0245960477749631,0.0181951300158239,0.230182904105777,0.196004242135146,0.337297617724427,0.225348264236227,0.521861352574226,0.184634278831393,8.15775966644287,8.89781856536865,8.56248092651367,10.1312732696533,7.53822660446167,8.51428699493408,38.7045211791992,38.4288330078125,39.9370079040527,38.2717323303223,38.3672218322754,39.6612663269043,0.0243329267350528,0.0236889031713057,0.0254394584822211,0.0226734160857805,0.0182012509238885,0.0297251653613672,74.3857570290565,66.9922181684524,169.604869700968,83.3021306991577,123.695701278746,109.210257537663,1.966447,-0.7929687,0.6565209,0.1637342,-0.3236353
3,13,1,THREE_CHAMBER-exp,2,2,1,2.00833333333333,1.52124542124542,1.42580777385766,2,2.03333333333333,0.356667178413876,2.95263312043775,0.471129645219417,0.179096436827757,0.24390243902439,0.268292682926829,41.6069003651045,0.197003330310576,1066.25434371792,35.5180856775282,2551.7923627685,99.5832749048556,0.130603693446976,2.4007968,4.72140825714286,0.417661097852029,0.201581829243561,158,0,0,0.0142857142857143,0.00714285714285714,0.0523809523809524,0.0571428571428571,0.0380952380952381,0.05,1.42261821292651,0.711309106463254,5.21626678073053,5.69047285170603,3.79364856780402,4.97916374524278,0.507401223964688,0.253700611982344,1.86047115453719,2.02960489585875,1.3530699305725,1.77590428387641,164,38.8848978199912,211.734927384956,47.0200936561803,0.39047619047619,0.916201117318436,13.8689667883682,1.51603253976247,0.426190476190476,42.4414433523075,15.1374698482799,0,1.82578446425026,2.48383547558808,0.120043362743132,0.336569693003358,0.246462587872546,0.0901071051308123,0.490920107639941,0.529490616621984,0.0350912372167636,0.0983865052366657,0.476476181900836,0.0613905439148605,0.0960388451005497,0.0271770759442799,8.49725,40.44833,0.173015304811495,0.120023133351597,1.8284802579132,1.8284802579132,0.00952748255804181,0.0356368289551844,3.07129508175182,12.5680426624515,0.0145797598769234,0.183615902915858,530.774930458516,2.6211275242271,0.665819939745277,2.10289904905768,125,29.6378794359689,0.297619047619048,10.5708588325977,0.365387368841338,0.620582567649594,0.679010516451491,0.538117392865802,0.91395133449885,1,0.24688398213608,0.202232310010745,0.243608400487375,0.246883982136079,0.819139047665218,0.986732303892851,1,11.0782600565624,0,15.0529029776191,9.38692264334674,3.38267482643126,0,6.68078278220173,3.80550917973516,5.24314598096845,0,6.42708217021939,3.46724169709204,0.0845668706607814,0,0.169133741321563,0.253700611982344,0.253700611982344,0,0,0,131,0,178,111,40,0,79,45,62,0,76,41,1,0,2,3,3,0,0,0,0.251070752707038,0,0.205347967214758,0.195740174453579,0.11346387698311,1,0.205092623448536,0.272453490500081,5.19770207586207,2.85246185454545,4.22680933902439,2.15681338536585,5.2322921,4.85545763076923,2,0,3,1,0,0,0,0,1,0,0,2,27,26,71,15,12,28,18,22,65,15,9,35,0.850750050930918,0.224694228195379,0.535660034826424,0.246415471823941,0.115644494255056,0.286492997331192,2.67635257303752,1.34291742419755,2.27322951824581,1.36429530105005,0.778930983153429,1.40405448955169,0.0742995135476241,0.0334785971314645,0.0525360305286948,0.0138055277685154,0.00903074621750668,0.0299615030348834,0.331359035641705,0.0846806126087742,0.126806157608092,0.079308843688637,0.0586813258061678,0.0524645143005597,8.71282768249512,9.57073974609375,7.7663688659668,8.65845584869385,9.99040603637695,8.20834255218506,38.413646697998,38.3373908996582,42.0257301330566,39.0129203796387,39.9137496948242,46.2630653381348,0.0292604280192984,0.0467632748964655,0.0370308012583308,0.035325834324728,0.0343435624039298,0.0420380482786946,150.925287723541,73.8859743364155,139.97642875649,60.9723900444806,27.9213162343949,77.1818566396832,-0.0747291,-0.7565983,0.6709262,0.1786989,0.907182
3,13,1,THREE_CHAMBER-exp,3,3,2,1.0030303030303,1.34041666666667,1.47823110624315,3,-1.98787878787879,0.439045424353319,3.28311197492706,0.205364149682015,0.20227428078114,0.224669603524229,0.185022026431718,55.5604340241334,0.25026685555444,961.611159676757,46.6809126047513,1932.04174228675,106.32365130216,0.111393588419263,2.2340748,3.77166240434783,0.460980036297641,0.210153042179918,223,0,0,0.0072463768115942,0.0217391304347826,0.0380434782608696,0.0579710144927536,0.0307971014492754,0.036231884057971,0.770461241320004,2.31138372396001,4.04492151693002,6.16368993056003,3.27446027561002,3.85230620660002,0.338267482643126,1.01480244792938,1.77590428387641,2.706139861145,1.43763680123328,1.69133741321563,227,43.7236754449102,143.452546427742,49.0759920970046,0.411231884057971,0.965957446808511,19.1966796399974,1.58476609208491,0.425724637681159,45.2645979275502,19.8732146052836,0.375,1.98580962451658,2.26982638963474,0.152682129787447,0.347759300788379,0.253294726118922,0.0944645746694569,0.616491519693469,0.659880262139039,0.0326787146581111,0.0744312839753299,0.528981279782772,0.0332639331188885,0.0699889566239739,0.0155642023346304,8.194302,39.44584,0.109061812576603,0.0879362707793704,1.76803914957084,1.76803914957084,0.0146541218273342,0.0369236849498286,3.47211709251726,12.2114379656753,0.0188221546449607,0.239341520631178,673.783402964473,2.99132159412789,0.658231036593267,2.10289904905768,164,31.5889108941201,0.297101449275362,13.8689667883682,0.365387368841338,0.620582567649594,0.679010516451491,0.538117392865802,0.91395133449885,1,0.24688398213608,0.202232310010745,0.243608400487375,0.246883982136079,0.819139047665218,0.986732303892851,1,13.4461324350642,15.0529029776191,0,18.181877192068,6.25794842889782,6.42708217021939,0,6.51164904088017,5.75054720493314,6.68078278220173,0,7.44188461814876,0.0845668706607814,0,0,0.253700611982344,0.761101835947033,0.169133741321563,0,0.0845668706607814,159,178,0,215,74,76,0,77,68,79,0,88,1,0,0,3,9,2,0,1,0.322544083366754,0.205347967214758,0,0.248357448115099,0.191104033880455,0.205092623448536,1,0.354603909334328,3.69553545365854,2.68248232835821,3.18670578333333,4.59772476842105,3.50757438461539,2.12059627741935,0,0,2,1,0,1,4,0,6,2,0,0,17,27,97,49,19,26,20,31,91,43,21,21,0.30056197920031,0.256982619286895,0.803735504427402,0.800049090437553,0.251930032556998,0.296152665265346,1.34013302874527,1.42796017483433,2.60435297494177,2.48861325341532,1.28084943288356,1.33783190215658,0.0195922545253984,0.0287872402502674,0.0757196843392242,0.0410414582638657,0.015773703393245,0.0139014194279776,0.118885184320234,0.0818972903130196,0.290055018339446,0.315313437812604,0.0512344335406546,0.0544909189674311,7.8912148475647,6.90426826477051,8.06124019622803,9.32614517211914,8.23431205749512,6.97737646102905,36.8135032653809,41.5575180053711,39.5579872131348,37.2488861083984,41.6003952026367,43.6549186706543,0.039975501364563,0.046040066531961,0.0374724202465622,0.0334247294456076,0.0380780313941245,0.0337491978260202,59.9232765454799,82.2735988926142,211.606757132336,189.919312709942,66.979257222265,63.2122475281358,-0.2183927,-1.255298,1.339474,0.5176355,0.640181
3,13,1,THREE_CHAMBER-exp,4,4,2,0.508333333333333,0.944711538461538,1.43558262086458,4,-3.96666666666667,0.371948315620614,3.26888273859909,0.338855040642921,0.168531253893329,0.203389830508475,0.135593220338983,27.9070673180579,0.280203553236116,736.901822112706,38.308792409334,2356.12389380531,102.994934512377,0.128647421534107,2.2674192,4.49663587549669,0.404867256637168,0.18463687150838,176,0,0,0.0022075055187638,0.0242825607064018,0.0264900662251656,0.0596026490066225,0.0242825607064018,0.0353200883002208,0.227361886340788,2.50098074974867,2.72834263608945,6.13877093120127,2.50098074974867,3.6377901814526,0.0845668706607814,0.930235577268596,1.01480244792938,2.2833055078411,0.930235577268596,1.3530699305725,177,40.2430538823194,216.153013237973,44.6887181621467,0.390728476821192,0.946524064171123,14.9683361069583,1.50055574972119,0.41280353200883,42.5166727457273,15.8140048135661,0.25,1.81753457516017,2.32660887553711,0.144277465159414,0.387896541267247,0.289982647370992,0.0979138938962549,0.565969498910675,0.808710614044521,0.0210727579205935,0.0566550701686406,0.490683491416345,0.0218782114999073,0.053424617147093,0.0428866856478596,9.028412,39.63715,0.0994806846707212,0.065239406547138,1.95830525464562,1.95830525464562,0.00890006683766842,0.0293361578668085,4.40732703066183,16.4448596033735,0.0173691218174965,0.232738183047364,459.022862141952,2.63082672984712,0.649463181780024,2.10289904905768,138,31.3759403150287,0.304635761589404,11.6702281511878,0.365387368841338,0.620582567649594,0.679010516451491,0.538117392865802,0.91395133449885,1,0.24688398213608,0.202232310010745,0.243608400487375,0.246883982136079,0.819139047665218,0.986732303892851,1,10.7399925739192,9.38692264334674,18.181877192068,0,4.05920979171751,3.46724169709204,7.44188461814876,0,5.49684659295079,3.80550917973516,6.51164904088017,0,0,0,0.0845668706607814,0,0.422834353303907,0.253700611982344,0.253700611982344,0,127,111,215,0,48,41,88,0,65,45,77,0,0,0,1,0,5,3,3,0,0.284290718367756,0.195740174453579,0.248357448115099,0,0.213553259873939,0.272453490500081,0.354603909334328,1,3.19291154666667,3.0676848,3.43360935544042,5.57949405365854,3.12857457391304,4.2180666,0,0,1,0,0,0,1,1,5,1,1,2,22,25,78,29,8,25,12,24,79,38,6,18,0.362682792306202,0.420406707760421,0.724384980178578,0.416990848801452,0.105168828642748,0.287111782905458,1.55440771924659,1.6876350186902,2.66621851531349,1.8643661690149,0.670370803029204,1.38583876363514,0.0259971279931231,0.0144816120113556,0.0420047423215146,0.0209329035604461,0.00526561971759236,0.0180298056257528,0.135973128350882,0.172112129449958,0.320185432181097,0.102705531473454,0.0467700031028718,0.0862190311990742,9.44728565216064,7.81720685958862,9.76296901702881,10.1997165679932,8.35905456542969,7.36380958557129,38.2291679382324,41.9677276611328,37.4531097412109,40.7245903015137,41.3082313537598,40.9852256774902,0.0285825191996508,0.0212437973405775,0.0317084902318915,0.03398665821936,0.0261063462279114,0.0305681998261075,55.0785144977272,63.8376110084355,162.823097340763,100.702468303964,19.6580787096173,56.9485562760383,-0.7473652,-0.7266194,1.136473,0.06006747,0.6395904
4,13,1,THREE_CHAMBER-exp,1,1,1,2.50625,2.33963395140665,1.62568389057751,1,4.025,0.697323216920081,3.40741659625943,0.199359206838951,0.354306155617722,0.239583333333333,0.489583333333333,16.170290057989,0.185846316400937,1276.81269000298,34.5189611600593,2551.38442822384,49.5020964776159,0.0996082664678322,3.08436625,7.24393075849515,0.345498783454988,0.111863817960743,166,0,0,0.0631067961165049,0.00728155339805825,0.133495145631068,0.0339805825242718,0.0703883495145631,0.0266990291262136,3.12391870975246,0.360452158817591,6.60828957832251,1.68211007448209,3.48437086857005,1.3216579156645,2.17838104408142,0.251351658932471,4.6081137470953,1.17297440835153,2.42973270301389,0.92162274941906,192,23.0689381643259,65.3717522077557,30.664011512203,0.466019417475728,1.19254658385093,16.0865061716781,1.55661007815278,0.390776699029126,19.3442658565441,13.4892056960426,0.0344827586206897,2.51817009165593,2.34271804540258,0.37909931638935,0.543649353973536,0.483186618738663,0.0604627352348732,0.788392752264629,0.569004233388551,0.0246942609764558,0.0354129338838377,0.311953437127881,0.0267636355542696,0.0345337591951657,0.0822206394604761,8.811624,34.23636,0.24768688026531,0.0199626181642903,1.32404153265744,1.32404153265744,0.00533081544563174,0.0201023242577455,5.1990318183397,24.6677713973028,0.0169974368066771,0.219807635800043,599.973969796672,3.52257202739108,0.664527592541941,1.82664778839323,114,13.6971820350685,0.276699029126214,9.5513630394339,0.415991888715172,0.633199314494017,0.677940971506539,0.613610780582774,0.93400360961649,1,0.211113559933658,0.188528878513444,0.210674393182634,0.211113559933659,0.893021171035569,0.997919760572639,1,0,10.5567696751638,13.8243412412859,10.1378502436097,0,4.10541042923036,6.70271090486589,5.27838483758189,0,5.02703317864942,5.02703317864942,3.43513933874377,0,0.335135545243295,1.17297440835153,0.670271090486589,0,0.0837838863108237,0.0837838863108237,0.0837838863108237,0,126,165,121,0,49,80,63,0,60,60,41,0,4,14,8,0,1,1,1,0,0.250822016779464,0.36151199869005,0.310950885418971,1,0.0687533480802139,0.347130753871508,0.141654847251089,4.79832051408451,13.0170576666667,10.8783742177419,3.78663395121951,8.19808594086022,4.361994112,10,2,3,3,6,2,1,0,1,0,0,1,20,13,31,11,30,56,39,8,31,21,49,45,0.40096359486912,0.437170895719387,0.921723907969323,0.956050164869771,0.966567404724745,0.523985547526404,1.89070417915405,2.04492002974672,2.51461498563911,1.61990463970014,2.48157182563801,2.16524218190546,0.0276016822242104,0.0187424453634793,0.0274350709495758,0.0162785743395947,0.038239775479676,0.0199601630535483,0.159414187905784,0.154806948644681,0.59881997702938,0.79565410692453,0.419382476485108,0.139424680377988,8.37026786804199,7.67035341262817,7.58468723297119,9.69759273529053,9.39281177520752,9.57677173614502,36.6142196655273,43.1677665710449,31.5247344970703,28.6450519561768,34.551586151123,39.5604667663574,0.0333894889861591,0.0226087556816066,0.0124304638994026,0.0130612502935642,0.0237674511917566,0.0285769857715571,85.2099758926779,70.7201877720654,82.2772405501455,89.7177282664925,164.969878721982,106.735041856766,1.298591,-1.356995,0.5338269,0.2963124,-0.6460817
4,13,1,THREE_CHAMBER-exp,2,2,1,0.875,0.823937908496732,1.7124704956727,4,-2.5,0.338261941845369,3.24470814460735,0.388572965533226,0.251372142095089,0.209821428571429,0.486607142857143,41.2216720649252,0.180078369294865,776.222786221609,38.7081554756005,2385.04989154013,114.432487629056,0.150799295225335,2.5008375,4.74408512878788,0.418655097613883,0.209855403348554,221,0,0,0.00649350649350649,0.0216450216450216,0.0216450216450216,0.0649350649350649,0.0151515151515152,0.0432900432900433,0.743068101487375,2.47689367162458,2.47689367162458,7.43068101487375,1.73382557013721,4.95378734324917,0.251351658932471,0.837838863108237,0.837838863108237,2.51351658932471,0.586487204175766,1.67567772621647,224,55.4824182443907,332.036773447354,65.9272583371398,0.484848484848485,1.30994152046784,18.7675905336245,1.56980874163704,0.37012987012987,42.3548817847804,14.3270445591508,0.384615384615385,1.79185518229963,2.56815588992334,0.0947657106671664,0.280154811830671,0.174351432950051,0.10580337888062,0.369146150505941,0.485016696300794,0.0314923416827112,0.0931004579199971,0.4696777124189,0.0679974488625414,0.0901088362958952,0.0890695689678905,8.832719,39.9618,0.158429765717484,0.0852629542109615,1.87124556074552,1.87124556074552,0.0109790829010308,0.0375272244688317,2.75648712383489,9.31117815269946,0.0136319864885867,0.176331579956361,534.913057578728,2.53047281869019,0.670290349699297,1.82664778839323,166,41.1164349489681,0.359307359307359,13.9081251275967,0.415991888715172,0.633199314494017,0.677940971506539,0.613610780582774,0.93400360961649,1,0.211113559933658,0.188528878513444,0.210674393182634,0.211113559933659,0.893021171035569,0.997919760572639,1,10.5567696751638,0,15.667586740124,12.4837990603127,5.02703317864942,0,7.12163033642001,6.61892701855507,4.10541042923036,0,6.53514313224425,3.68649099767624,0.0837838863108237,0,0.0837838863108237,0.0837838863108237,0.335135545243295,0,0.335135545243295,0.167567772621647,126,0,187,149,60,0,85,79,49,0,78,44,1,0,1,1,4,0,4,2,0.250822016779464,0,0.186432707149392,0.195716433118449,0.0687533480802139,1,0.21114739987501,0.260334359929372,3.97744310833333,5.829333125,2.67209226213592,3.12631578225806,9.47044426363636,3.36562927272727,2,0,1,0,0,0,2,1,3,0,2,2,20,9,56,21,17,48,32,15,37,31,31,78,0.581989292327125,0.225678122698875,0.462714423326294,0.280301767255752,0.216656555224682,0.302089123587178,2.40800870352693,1.32228904476373,2.17009238329935,1.44770025342381,1.27184661412278,1.63953686498703,0.0460123726729471,0.0362576241044427,0.0364704901633878,0.0244248082694231,0.0136759182501494,0.0325782842319807,0.176356042084312,0.059283924659723,0.15543607128302,0.0564540031862473,0.0614096430738166,0.0622614415415972,8.8165397644043,7.52059555053711,9.21146297454834,7.73507261276245,11.6118097305298,8.87807941436768,38.1502380371094,39.2216300964355,38.8513488769531,46.841968536377,36.2064514160156,41.7114791870117,0.0372729445708979,0.0426915399227104,0.0336566479182912,0.0359197539447262,0.0323602778703169,0.0453663785586013,140.74263869971,67.964931556955,110.158208636567,71.0851930566132,49.5112251415849,95.4508604872972,-0.4213091,-0.1101989,0.2962823,0.5589967,0.7945896
4,13,1,THREE_CHAMBER-exp,3,3,2,1.71875,1.40203373015873,1.43273655076976,2,0.875,0.406112374757392,3.26030618304762,0.146251498084253,0.376489810132128,0.146919431279621,0.421800947867299,49.5162768096968,0.226970506173063,1065.67149333845,44.5730275173582,2274.85310734463,109.755403400317,0.121568994641861,2.5675265,3.98748824342105,0.485875706214689,0.190839694656489,203,0,0,0.0150375939849624,0.0281954887218045,0.0451127819548872,0.0695488721804511,0.0300751879699248,0.0413533834586466,1.65045719398973,3.09460723873074,4.95137158196918,7.63336452220249,3.30091438797946,4.53875728347175,0.670271090486589,1.25675829466236,2.01081327145977,3.10000379350048,1.34054218097318,1.84324549883812,211,43.5308084914791,123.33980474145,46.3297178092517,0.396616541353383,0.913419913419913,17.6784000115838,1.57639775929483,0.434210526315789,47.6569514764534,19.3540777378003,0.347826086956522,1.9627693517033,2.43369917915214,0.153202819496213,0.377242430959497,0.269720398382622,0.107522032576875,0.60333406542023,0.662579085803654,0.0233268844691017,0.0574394820720177,0.476022135765006,0.0332858158359385,0.0531151350235804,0.0560101353675408,9.140711,38.55777,0.0604128289599401,0.0779999033037451,1.82209792935817,1.82209792935817,0.011939681135118,0.0337723308125179,3.15723273823369,10.6786236337635,0.0187407256949325,0.233333819740263,575.987102007493,2.82376582878529,0.658764313969721,1.82664778839323,170,35.0722153722817,0.319548872180451,14.24326067284,0.415991888715172,0.633199314494017,0.677940971506539,0.613610780582774,0.93400360961649,1,0.211113559933658,0.188528878513444,0.210674393182634,0.211113559933659,0.893021171035569,0.997919760572639,1,13.8243412412859,15.667586740124,0,15.0810995359483,5.02703317864942,6.53514313224425,0,6.11622370069013,6.70271090486589,7.12163033642001,0,5.52973649651436,0.0837838863108237,0.335135545243295,0,0.251351658932471,1.17297440835153,0.0837838863108237,0,0,165,187,0,180,60,78,0,73,80,85,0,66,1,4,0,3,14,1,0,0,0.36151199869005,0.186432707149392,0,0.19203181129273,0.347130753871508,0.21114739987501,1,0.122633364772671,5.4120165,3.27756820588235,2.70815330434783,3.2054212826087,4.47080414851485,3.12242931132075,2,1,1,0,0,4,6,0,3,1,4,1,22,10,41,40,49,70,23,8,64,27,36,53,0.262371476826357,0.100265367462152,0.434427216479567,0.740344003556741,0.580450800502021,0.346252547711692,1.30035189941692,0.701065697761758,2.06656382500398,2.65628608867264,2.29081918592734,1.63928120165344,0.0111669832399562,0.00142640799899966,0.0371234856063132,0.0405922344485199,0.0255734576963511,0.0236890865295535,0.0790205206474362,0.0632528586049915,0.197542699418325,0.333546367307621,0.180204420938558,0.0632527329998147,8.60086727142334,8.25865173339844,8.03313446044922,8.75357341766357,10.0649642944336,9.80005073547363,38.7730560302734,40.188907623291,37.4963760375977,39.3248863220215,37.8495903015137,38.8262634277344,0.0384440554933177,0.0283165715330931,0.0438265746526349,0.026187273079667,0.029997189373112,0.042713808147132,59.8189503476024,20.1330823600292,132.838347772136,137.535558214411,123.108465187252,102.555853361264,-0.7383937,-0.8133194,0.3393879,-0.1054362,0.194367
4,13,1,THREE_CHAMBER-exp,4,4,2,0.9,1.43439440993789,1.22910906298003,3,-2.4,0.400196647677051,3.33949429034197,0.291212773798602,0.318537438276091,0.165562913907285,0.423841059602649,31.0838218213156,0.174874190651044,881.293030436961,37.7027488398707,2670.11581291759,94.2105563820111,0.159081081185899,2.467493,6.07885054777778,0.33630289532294,0.191096634093377,148,0,0,0.00666666666666667,0.0266666666666667,0.0377777777777778,0.0555555555555556,0.0311111111111111,0.0288888888888889,0.628070375880074,2.5122815035203,3.55906546332042,5.23391979900062,2.93099508744035,2.72163829548032,0.251351658932471,1.00540663572988,1.424326067284,2.09459715777059,1.17297440835153,1.08919052204071,151,31.6128755859637,104.842173750787,36.1871731998073,0.335555555555556,0.702325581395349,12.6513668329344,1.55095682351686,0.477777777777778,45.0117102714053,18.0135355568271,0.2,1.95278369575273,2.4530894791379,0.143778630900691,0.359269953247378,0.225787435547894,0.133482517699484,0.436596614478216,0.86106107269452,0.0259778255298972,0.0649126515194117,0.467729831508281,0.0228003870519864,0.0602936243074853,0.085287176672943,9.448108,39.1061,0.126406602377771,0.0927499592447206,1.74588951178317,1.74588951178317,0.00925669353455305,0.0289746218407274,4.64480288724559,14.7731715264726,0.0149422718734827,0.210686559357141,491.757281880826,2.7888262293473,0.644658316377434,1.82664778839323,138,28.8912372904834,0.306666666666667,11.5621763108937,0.415991888715172,0.633199314494017,0.677940971506539,0.613610780582774,0.93400360961649,1,0.211113559933658,0.188528878513444,0.210674393182634,0.211113559933659,0.893021171035569,0.997919760572639,1,10.1378502436097,12.4837990603127,15.0810995359483,0,3.43513933874377,3.68649099767624,5.52973649651436,0,5.27838483758189,6.61892701855507,6.11622370069013,0,0.0837838863108237,0.167567772621647,0,0,0.670271090486589,0.0837838863108237,0.251351658932471,0,121,149,180,0,41,44,66,0,63,79,73,0,1,2,0,0,8,1,3,0,0.310950885418971,0.195716433118449,0.19203181129273,0,0.141654847251089,0.260334359929372,0.122633364772671,1,4.00380996296296,7.70998938888889,7.58750031097561,3.54410925342466,12.5019645333333,2.919102571875,0,0,2,0,1,0,5,2,0,2,1,2,40,16,41,32,29,57,8,17,37,25,9,55,0.21807673353779,0.485724342022999,0.675021303397429,0.273970953280723,0.326976246601861,0.447642208634427,1.05482918400737,2.12169962912264,2.62267384609472,1.40703555202415,1.65441767055518,1.96443963686583,0.0162959489782737,0.0358778661306831,0.031737430995517,0.018353340002223,0.018941586739963,0.0343524180100056,0.0455817692061107,0.186303704492722,0.352589752139602,0.060557222777963,0.0957036405822338,0.118783583472299,8.87045192718506,7.98991012573242,9.87163639068604,10.1795272827148,10.7352476119995,9.61780071258545,40.6807899475098,39.8491249084473,35.3508796691895,43.5498352050781,38.9937286376953,40.695499420166,0.0306093449871811,0.02968960313849,0.0226923916759394,0.0345605460942284,0.0265868098855799,0.0354423576525966,38.8126494437456,102.25099320896,109.377327878028,66.9092172384262,61.9738538432866,112.387716116384,-1.233858,-0.4614263,0.7097805,-0.3551488,0.5060369
1,14,1,THREE_CHAMBER-exp,1,1,2,1.15350877192982,1.37362637362637,1.18074433796905,4,-1.3859649122807,0.756941924265425,3.40695857235335,0.240098347455201,0.323389323090413,0.482517482517482,0.409090909090909,18.9236140385957,-0.0792849903543545,860.15193812283,75.8611840313747,1283.21232123212,100.22061349686,0.11767112066811,2.667536,4.22683537472527,0.480748074807481,0.137174211248285,279,0,0,0.00769230769230769,0.0197802197802198,0.0406593406593407,0.0626373626373626,0.032967032967033,0.0428571428571429,0.770927796129693,1.98238576147635,4.07490406525695,6.27755491134178,3.30397626912726,4.29516914986543,0.583547569472113,1.50055089292829,3.0844657243526,4.75174449427292,2.50091815488048,3.25119360134463,286,31.4979070990132,315.055238282419,32.7128637468729,0.314285714285714,0.645598194130926,23.8420864098606,1.56210045964736,0.486813186813187,48.7887162407791,36.9302247537351,0.36,2.43522455216996,2.16018643559185,0.0656643260530831,0.0867494902159199,0.0405011848208284,0.0462483053950916,0.646408422325207,0.780956372138162,0.0575290594872064,0.0760019463092041,0.512476066415251,0.202271306118327,0.0749390248256431,0.122501190941298,9.583563,45.21067,0.0371400271544817,0.795673237288943,2.51483754744639,2.51483754744639,0.00409553991630673,0.0207326024495489,6.3975590625,80.4175145903227,0.0155620278924387,0.210201990555581,674.846209732816,4.21878210322383,0.642165663784045,3.78863646535848,256,28.1939308298859,0.281318681318681,21.3411682549801,0.508243327764401,0.757556519599778,0.852542875702639,0.59614987380608,0.888584657956849,1,0.225213091397682,0.221564151381095,0.22505016400544,0.225213091397682,0.983797833447687,0.999276563403885,1,0,25.1759094257969,19.2570697925797,31.4282048129981,0,8.75321354208169,6.00220357171316,9.08666929606576,0,11.1707677584662,10.0870365580179,15.672420437251,0,0.166727876992032,0.0833639384960161,0.333455753984064,0,0.250091815488048,0.0833639384960161,1.16709513894423,0,302,231,377,0,105,72,109,0,134,121,188,0,2,1,4,0,3,1,14,0,0.606214800069801,0.618848554013506,0.678522618295702,1,-0.123160241935262,-0.0282098495176334,-0.0864848796101686,3.54950113112583,3.45707902142857,5.98194948,3.22451576184211,3.66094730414747,2.98348258641975,5,0,0,0,1,1,5,0,4,1,3,5,141,14,26,87,104,71,130,8,9,22,53,65,0.967955293364091,0.123846264281315,0.996466447459825,0.986782692459095,0.660510350576576,0.808775992219701,2.61968945869736,0.705098524866248,1.41878211124325,1.73616537038766,2.15317702173059,2.07496188929894,0.146753988182818,0.00239430553561587,0.0173435835687491,0.0563842744605866,0.082475802343352,0.0400222294262029,0.118167176454753,0.00909095119229006,0.0741814476913815,0.0598530072384904,0.0545825035891261,0.0782290557124994,8.18680667877197,7.13455247879028,7.65915489196777,8.31494903564453,11.3050155639648,11.8179931640625,42.938907623291,44.5324440002441,54.6169815063477,45.7496376037598,38.0213165283203,41.6455955505371,0.0318601833012167,0.0218113506442761,0.00484250332547074,0.011823783937596,0.026267616451023,0.0334096847986391,219.9627055116,19.2594226188958,34.7207488436252,83.9015708211809,124.167022963986,192.740471603349,-1.524312,0.4503478,-0.5878631,-0.151612,-0.08570603
1,14,1,THREE_CHAMBER-exp,2,2,2,1.27564102564103,1.3061872909699,1.47720238095238,2,-0.897435897435897,0.827256077127516,3.46015361501438,0.393618108638156,0.227006689538685,0.424947145877378,0.287526427061311,27.1766439497013,0.212158866568135,934.511719836467,101.870732842132,933.050778050778,123.142924734815,0.13118675802539,2.4674708,3.83515601816694,0.48976248976249,0.186754059870867,466,0,0,0.00572831423895254,0.0114566284779051,0.0335515548281506,0.0474631751227496,0.027823240589198,0.0360065466448445,0.705401369184699,1.4108027383694,4.13163659093895,5.84475420181608,3.42623522175425,4.43395146344668,0.583547569472113,1.16709513894423,3.41792147833666,4.83510843276893,2.83437390886455,3.66801329382471,473,47.6649782320518,1262.82430434071,47.7395698478498,0.387070376432079,0.934782608695652,39.4311429086156,1.57530711412203,0.414075286415712,50.9904418296368,42.1821528789842,0.238095238095238,2.73020600300822,2.49773035891155,0.237827599679408,0.287489697875919,0.19550654715736,0.0919831507185586,0.687566241132043,0.644735106393774,0.058560638467086,0.0707890096986973,0.469876729193443,0.110494772634572,0.0692442744457854,0.0613497905973692,9.1453,39.43214,0.00156246937364019,0.29991820168871,2.58965298059234,2.58965298059234,0.0104102795012295,0.0293822179104272,3.48910864611171,10.2204648270739,0.0124208151295992,0.175315788720158,1044.12649566494,4.53879668257337,0.659673063432077,3.78863646535848,401,40.4094212918663,0.328150572831424,33.4289393369025,0.508243327764401,0.757556519599778,0.852542875702639,0.59614987380608,0.888584657956849,1,0.225213091397682,0.221564151381095,0.22505016400544,0.225213091397682,0.983797833447687,0.999276563403885,1,25.1759094257969,0,38.2640477696714,38.4307756466634,11.1707677584662,0,14.8387810522909,13.4215940978586,8.75321354208169,0,17.7565188996514,15.672420437251,0.250091815488048,0,0.166727876992032,0.166727876992032,0.166727876992032,0,0.166727876992032,0.833639384960161,302,0,459,461,134,0,178,161,105,0,213,188,3,0,2,2,2,0,2,10,0.606214800069801,0,0.759465277638364,0.776626088138232,-0.123160241935262,1,0.542031054788676,0.217605786850989,2.70439853285372,2.89771854193548,4.81063638382353,3.65603018709677,3.936949694,2.46059570721649,4,0,0,0,2,1,6,0,1,2,4,1,205,80,55,62,70,34,137,64,53,83,92,44,0.974875724649453,0.979873013814726,0.968952901403233,0.915069305188279,0.779970360765063,0.347371833464549,2.53436995592192,2.51689679077574,2.70295787733966,2.74507020822901,2.54143834379097,1.70801140182963,0.0891301421682161,0.0601864501757522,0.0929375260501088,0.0564815286506213,0.0373963784559811,0.0153012550363544,0.269502295206754,0.383278762926703,0.298490251470384,0.266203242732565,0.136590561756125,0.0729773537720558,9.33772945404053,8.58650302886963,8.67150974273682,9.07445430755615,9.78591823577881,9.80513095855713,38.0721969604492,36.5682754516602,39.6542472839355,41.0259780883789,42.5099678039551,39.5809783935547,0.0400391082195206,0.0259699578435776,0.0211278749944717,0.0262193244243063,0.0316164410770614,0.0356671995534494,278.191723909229,182.646713513881,146.859859086573,171.99876822345,176.008727476001,88.3119860943407,-0.2283369,0.650484,0.3391621,-0.4797519,-0.007161906
1,14,1,THREE_CHAMBER-exp,3,3,1,1.25,1.29464285714286,1.77068214037807,3,-1,0.823656360657307,3.46942575167755,0.390031039950221,0.226537197766651,0.599303135888502,0.146341463414634,40.0146904780877,0.242881701433974,913.014355147108,94.7847980699703,1025.99823943662,115.078086684511,0.108025637492161,2.4341266,3.37937748337731,0.529049295774648,0.172851828327738,569,0,0,0.00439753737906772,0.00879507475813544,0.0334212840809147,0.0439753737906772,0.029023746701847,0.0351802990325418,0.506060187706732,1.01212037541346,3.84605742657116,5.06060187706732,3.33999723886443,4.04848150165386,0.416819692480081,0.833639384960161,3.16782966284861,4.16819692480081,2.75100997036853,3.33455753984064,574,58.0957095487328,2904.42879477503,58.1270966409897,0.504837291116975,1.4,47.8509006967133,1.53018681558793,0.360598065083553,41.496935391952,34.1792147833666,0.466666666666667,2.61738152930729,2.36186960414399,0.375738744901946,0.456183868478953,0.358817083036863,0.0973667854420893,0.879254984232816,0.761946025052232,0.0503087787680044,0.0610798157715387,0.395514657562113,0.0386681028462041,0.0600458040027411,0.0485535553411911,10.08624,33.48492,0.000539973507549786,0.225761111816554,2.61219590163858,2.61219590163858,0.0098722456023097,0.0338454401290863,3.22374460417347,12.9383189512436,0.0138788664713175,0.186454294141688,1194.43942759559,4.11157717734992,0.652774180675767,3.78863646535848,454,45.9502650437713,0.399296394019349,37.8472280771913,0.508243327764401,0.757556519599778,0.852542875702639,0.59614987380608,0.888584657956849,1,0.225213091397682,0.221564151381095,0.22505016400544,0.225213091397682,0.983797833447687,0.999276563403885,1,19.2570697925797,38.2640477696714,0,37.2636805077192,10.0870365580179,17.7565188996514,0,20.0073452390439,6.00220357171316,14.8387810522909,0,13.3382301593626,0.0833639384960161,0.166727876992032,0,0.166727876992032,0.0833639384960161,0.166727876992032,0,0.583547569472113,231,459,0,447,121,213,0,240,72,178,0,160,1,2,0,2,1,2,0,7,0.618848554013506,0.759465277638364,0,0.773237938015693,-0.0282098495176334,0.542031054788676,1,0.21482389903088,2.63576889054054,3.2371299965368,2.8038238015873,3.26314073188406,3.25653392089552,1.997004978125,3,1,0,1,0,0,7,1,0,0,1,1,166,82,54,32,48,28,227,117,64,82,60,24,0.939117842273578,0.989334457159529,0.966993933219099,0.928884031325112,0.805010883156579,0.31510211642662,2.50736016243709,2.40597994172735,2.57176863245765,2.18363893481908,2.27075601191117,1.60225023090812,0.105463473954393,0.0678278508213348,0.0545778724586672,0.0333118756628336,0.0254758486546566,0.0153197795581902,0.210128615124693,0.31974862107452,0.486815171583383,0.605268398408736,0.506038994118464,0.12607326448386,10.9098892211914,10.9690427780151,10.2396469116211,9.27872276306152,7.93915271759033,8.05982398986816,36.9614067077637,36.6263427734375,33.159984588623,29.9209899902344,30.0047168731689,33.7024879455566,0.0554998666247639,0.0367976478134375,0.0303375200746961,0.0253393155195045,0.0215393926468146,0.0284319001235946,367.742116255686,260.196167688817,209.237875955179,168.709162728861,124.497689498588,64.1992304790765,0.3441464,-0.2875966,1.283144,-0.003070202,-0.6119917
1,14,1,THREE_CHAMBER-exp,4,4,1,2.32085020242915,2.02554347826087,1.5713711407005,1,3.2834008097166,0.910397018922062,3.57783573247462,0.352601332136617,0.315615490866987,0.457089552238806,0.305970149253731,36.5134050612551,0.1153149354239,1292.32198689359,107.122660967381,852.339563862928,117.665874053737,0.135502354847984,2.7008802,4.14570903735409,0.489096573208723,0.183920704845815,505,0,0,0.024124513618677,0.00622568093385214,0.0708171206225681,0.0326848249027237,0.0466926070038911,0.0264591439688716,2.83863198106291,0.732550188661396,8.33275839602338,3.84588849047233,5.49412641496047,3.11333830181093,2.5842820933765,0.666911507968129,7.58611840313747,3.50128541683268,5.00183630976097,2.83437390886455,536,49.0808626403135,477.66516435906,49.6388197862592,0.417120622568093,1.05098039215686,44.6830710338646,1.58095131095634,0.396887159533074,46.700074527164,42.5156086329682,0.0512820512820513,2.63360694568003,2.41484063597627,0.251794839325397,0.276576959383643,0.186229334120403,0.09034762526324,0.703586473869976,0.661947899554095,0.0515426584160939,0.0566155834705192,0.494092312755024,0.0663343672104063,0.0556317463871552,0.106380777180408,9.555516,37.80504,0.0112403386774346,0.445620233530096,2.44770863495149,2.44770863495149,0.00946726324036717,0.0285646468082391,4.32507798121352,18.0791890400502,0.0113985464536011,0.168703421261307,1115.6779750362,4.78840517849051,0.65370708875368,3.78863646535848,373,34.1551525463376,0.290272373540856,31.094749059014,0.508243327764401,0.757556519599778,0.852542875702639,0.59614987380608,0.888584657956849,1,0.225213091397682,0.221564151381095,0.22505016400544,0.225213091397682,0.983797833447687,0.999276563403885,1,31.4282048129981,38.4307756466634,37.2636805077192,0,15.672420437251,15.672420437251,13.3382301593626,0,9.08666929606576,13.4215940978586,20.0073452390439,0,1.16709513894423,0.833639384960161,0.583547569472113,0,0.333455753984064,0.166727876992032,0.166727876992032,0,377,461,447,0,188,188,160,0,109,161,240,0,14,10,7,0,4,2,2,0,0.678522618295702,0.776626088138232,0.773237938015693,0,-0.0864848796101686,0.217605786850989,0.21482389903088,1,3.29344963260341,3.23317488363636,4.20066474507042,3.73908086195652,3.88296756255319,3.13614509261745,12,1,5,2,6,5,6,1,0,0,1,0,166,74,52,72,82,65,184,61,61,66,99,65,0.937627930507916,0.98919089145043,0.940619645255407,0.872490494560712,0.960487194924281,0.764270828509239,2.61644599844806,2.67061313383588,2.54242081058121,2.47584502838054,2.33830725380149,2.40703629597141,0.102627535982994,0.072241338588147,0.0407493169082573,0.0408097105993174,0.0340619645255407,0.0188811188811189,0.251753315169715,0.333262322337435,0.219473903579864,0.196096865173275,0.361186495623582,0.149001991386097,9.10798168182373,8.35732841491699,9.38494205474854,10.4863357543945,9.13398742675781,10.8569049835205,37.6110649108887,38.3682136535645,38.1372108459473,40.5102882385254,34.8959197998047,37.4719085693359,0.0431742464202865,0.0261195342783499,0.0215996138781929,0.0245507135116636,0.0277668629060901,0.0281233374257533,286.849693216383,185.291976170614,145.473399469629,153.368307307363,191.063783656806,153.384682320058,1.651784,0.2256894,-0.5328096,-1.23554,-0.4965127
2,14,1,THREE_CHAMBER-exp,1,1,2,1.51774785801714,1.30047152415573,1.97739781077771,2,0.0709914320685439,0.511998203106126,3.52243461738399,0.308322226758734,0.393418707395789,0.427322404371585,0.143169398907104,79.5867283576245,0.0944975145911241,831.285717532203,132.005631118824,703.818698673405,257.82440312874,0.276416378599458,2.800812,3.85959959911616,0.530006317119394,0.230466346745417,879,0,0,0.0220959595959596,0.0486111111111111,0.0549242424242424,0.136363636363636,0.0328282828282828,0.0877525252525252,5.69687759438504,12.5331307076471,14.1608100203285,35.1578731539191,8.46393242594349,22.624742446272,2.91679109164069,6.41694040160952,7.25030928493543,18.0007678798397,4.33351819329474,11.5838274782302,914,148.769889179084,700.49320910633,152.963341237417,0.577020202020202,2.03563474387528,76.1699159359883,1.44376872643776,0.283459595959596,73.0828011393967,37.4182628613334,0.464285714285714,1.9515163646683,1.85924827570392,0.0900361154056635,0.175852405065963,0.112684655728907,0.063167749337056,0.688870456339385,0.758549915276485,0.0440501432189254,0.086035737921906,0.66967975167677,0.0195513840040161,0.0856181472542283,0.0488807213313454,10.25812,37.82533,0.027414751955666,0.222942237125142,2.06434514396325,2.06434514396325,0.0259054461494088,0.0560610430299423,2.7199978882874,6.40392243130238,0.0166482604989555,0.223571488847688,1209.46094232798,3.53395599989965,0.648156271728201,2.47903288282878,566,92.1266490977696,0.357323232323232,47.1686787962466,0.170304672933826,0.353663445798995,0.423509780671681,0.402126894599045,0.835077398302559,1,0.0431661753362818,0.0376195553675864,0.0404475927741017,0.0431661753362822,0.871505410764671,0.937020536542753,1,0,37.918284191329,29.3345846930721,64.7527622344233,0,18.33411543317,16.0840194481901,41.7517810546282,0,12.2505225848909,7.83366750326357,17.334072773179,0,0.833368883325911,0.583358218328138,1.50006398998664,0,0.666695106660729,0.166673776665182,5.58357151828361,0,455,352,777,0,220,193,501,0,147,94,208,0,10,7,18,0,8,2,67,0,0.306990982340578,0.326771480330264,0.423178541629199,1,0.0228358429910668,0.0590538732806645,0.201602827501641,3.91166689219331,3.48806007643312,3.38681267584098,3.5021102080292,3.26837758015267,3.05412284892086,8,5,8,8,5,1,15,20,14,13,9,6,93,75,82,41,103,55,160,231,210,183,94,37,0.488688830538537,0.458548287008308,0.479704728694017,0.436616065722569,0.718014976590394,0.490629139993144,1.78866192579356,1.73840691559252,1.79725894034493,1.87794931902287,2.38475622744959,1.84166053847624,0.0488892593673155,0.0216914114236494,0.0321945752696388,0.0480554603636229,0.0871411569115066,0.0263245661982009,0.0445500307960192,0.0919476886884198,0.0847423090994133,0.097101945928924,0.128366143828987,0.0935094171816085,9.94454002380371,10.5021963119507,10.2619428634644,10.6716480255127,10.0387697219849,10.3066148757935,39.1981811523438,36.9772644042969,38.8225631713867,38.9140357971191,36.9296836853027,36.6165161132812,0.0631802465848125,0.0802759730792959,0.0828114167764828,0.0665023611540803,0.0298965561315388,0.029889537510972,216.708245785907,258.247805396095,276.590132033452,202.366684991866,153.010574281216,102.371665975079,-0.2280929,-0.4584268,0.5473763,-0.4364543,0.4498949
2,14,1,THREE_CHAMBER-exp,2,2,2,1.29111842105263,1.35634510679883,1.41017439989536,3,-0.835526315789473,0.588623222692114,3.3537292519335,0.397311404659868,0.30875580786684,0.413157894736842,0.342105263157895,35.5015144296838,0.0210870426673844,1145.53731236552,88.1704278558814,1105.08041627247,149.790943436834,0.166001400468396,2.434039,3.98959394990548,0.48155156102176,0.199424234493588,365,0,0,0.0141776937618147,0.0236294896030246,0.052930056710775,0.0623818525519849,0.0387523629489603,0.0387523629489603,2.12369012434075,3.53948354056791,7.92844313087212,9.34423654709928,5.80475300653137,5.80475300653137,1.25005332498887,2.08342220831478,4.6668657466251,5.50023462995101,3.41681242163624,3.41681242163624,380,53.8001498166322,207.756159297877,57.8883010986494,0.359168241965974,0.838852097130243,31.6680175663846,1.56343895887531,0.428166351606805,64.1354417550905,37.7516104146638,0.175,2.35524161271219,2.34109666067277,0.162560234151944,0.276170269681957,0.196647792688716,0.0795224769932416,0.645234856365528,0.567426291141745,0.0410352516924996,0.0697139530187437,0.528011990527169,0.0799670076920858,0.0686190175215906,0.0461367790800444,9.7043,38.62938,0.0706213726163844,0.251340139258153,1.8881920057907,1.8881920057907,0.0124808242544532,0.0374384363070267,3.32324965079157,8.99498665175389,0.0143548923422144,0.190766006531258,942.100811230019,3.81013630955551,0.647204393371928,2.47903288282878,344,48.7032935182144,0.325141776937618,28.6678895864113,0.170304672933826,0.353663445798995,0.423509780671681,0.402126894599045,0.835077398302559,1,0.0431661753362818,0.0376195553675864,0.0404475927741017,0.0431661753362822,0.871505410764671,0.937020536542753,1,37.918284191329,0,21.6675909664737,28.5845526980788,12.2505225848909,0,8.08367816826134,11.3338168132324,18.33411543317,0,7.25030928493543,12.1671856965583,0.666695106660729,0,0.416684441662956,0.166673776665182,0.833368883325911,0,0.166673776665182,1.08337954832368,455,0,260,343,147,0,97,136,220,0,87,146,8,0,5,2,10,0,2,13,0.306990982340578,0,0.36792791429866,0.436514766870773,0.0228358429910668,1,0.0366819712771312,0.00374331373395532,3.26928115,2.89225567664671,3.1284432173913,3.38007263905325,3.86432918257261,2.7887251625,1,1,1,3,3,6,3,9,4,4,4,1,93,89,70,81,99,21,105,52,57,36,98,32,0.905741026317861,0.497457603571396,0.576066167446987,0.462026137131955,0.814709845927284,0.275664483375177,2.74011467739437,2.14280144714682,2.40296367616746,1.9762905333585,2.41590211094325,1.38112308173683,0.0965049991432686,0.0406783428576721,0.0429569735617333,0.0186025618464559,0.0391271528269819,0.00833325613066397,0.257241695494519,0.160092248701016,0.19168553791152,0.105789624799711,0.20341581109305,0.0571099026319934,9.22783184051514,9.67394924163818,10.4112825393677,9.85649967193604,9.52034854888916,10.1279039382935,40.6146507263184,37.9706802368164,37.1329917907715,39.353328704834,37.1772346496582,39.5007362365723,0.0416053363543709,0.0359067490340648,0.0353002422361291,0.0325211211790566,0.0361887822580289,0.0430384651363848,270.809134330601,127.433052321896,145.189896317199,107.287178769708,208.121686765924,83.5376608297229,-0.3790993,0.3055448,-0.4314233,-0.5249448,0.2844191
2,14,1,THREE_CHAMBER-exp,3,3,1,0.979166666666667,1.33659986246193,1.31559072659616,4,-2.08333333333333,0.610108763022271,3.35363945776959,0.187408572841099,0.329736370089143,0.254355400696864,0.407665505226481,18.0007678798397,0.060798858281286,868.607090941961,73.4197986210128,1292.41704545455,120.338869183449,0.136539488233106,2.400696,4.08464996367764,0.464772727272727,0.146392912389256,281,0,0,0.00681044267877412,0.0170261066969353,0.039727582292849,0.0499432463110102,0.0329171396140749,0.0329171396140749,0.819560970602376,2.04890242650594,4.78077232851386,6.01011378441742,3.96121135791148,3.96121135791148,0.500021329995547,1.25005332498887,2.91679109164069,3.66682308663401,2.41676976164514,2.41676976164514,287,39.2023330938136,143.966278101487,41.1939195770508,0.325766174801362,0.735897435897436,23.9176869514536,1.58014384521145,0.442678774120318,53.2714630891544,32.5013864497105,0.142857142857143,2.46393041677501,2.45726857832845,0.259364804190282,0.425112406033111,0.34358419003135,0.0815282160017611,0.696412133351989,0.581738901044334,0.0346102754851343,0.0567280419210615,0.418908250868506,0.0550315141731546,0.0564838734979847,0.0442197870041673,8.489736,35.93185,0.0483466128905746,0.214271149464198,1.90924145853312,1.90924145853312,0.00827465858310461,0.0273701743252747,3.7048845662261,14.8552069914959,0.0143895907478238,0.187634046850448,717.755451506004,3.61810091400637,0.667902478017022,2.47903288282878,261,35.6509022212033,0.296254256526674,21.7509278548063,0.170304672933826,0.353663445798995,0.423509780671681,0.402126894599045,0.835077398302559,1,0.0431661753362818,0.0376195553675864,0.0404475927741017,0.0431661753362822,0.871505410764671,0.937020536542753,1,29.3345846930721,21.6675909664737,0,22.417622961467,7.83366750326357,7.25030928493543,0,8.83371016325466,16.0840194481901,8.08367816826134,0,8.33368883325911,0.166673776665182,0.166673776665182,0,0.166673776665182,0.583358218328138,0.416684441662956,0,0.250010664997773,352,260,0,269,94,87,0,106,193,97,0,100,2,2,0,2,7,5,0,3,0.326771480330264,0.36792791429866,0,0.470145549947552,0.0590538732806645,0.0366819712771312,1,0.0866607302860622,2.33050021052632,2.72210701162791,3.00021299507389,5.85287331176471,3.20296940816327,2.98922003614458,0,1,2,1,0,2,1,1,5,3,2,3,27,84,113,74,65,27,22,51,57,40,85,32,0.133538948860084,0.552538228565607,0.856763778324233,0.91090498198557,0.880335468215267,0.326715520515837,0.90734763761392,2.4446248950451,2.74543840078958,2.6022186339517,2.51146044308308,1.51564057432443,0.0152637111750186,0.0410488195685799,0.0526449844167512,0.0382795061545444,0.0465784001815344,0.0138408945627704,0.0251369612433256,0.208096768516889,0.359535420053071,0.429702044105252,0.402348833224505,0.131335637060987,9.71236228942871,8.68535327911377,8.89540195465088,7.78797817230225,8.73033332824707,8.01739120483398,45.6548500061035,40.1816444396973,36.133716583252,36.6218910217285,31.3734340667725,34.5986595153809,0.0370272982131448,0.0317953874647082,0.0291018823255126,0.0213579228436724,0.0257069913498939,0.0325623173707086,35.3240424953401,125.782552810386,178.743761243299,139.787605011836,161.954045504332,75.7399502042681,-0.5170555,-0.04027115,0.2495203,-0.07502054,0.1023672
2,14,1,THREE_CHAMBER-exp,4,4,1,2.21196705426357,2.00658350658351,1.29683706273077,1,2.84786821705426,0.740213759359787,3.52529130620944,0.348722091032538,0.318721231711911,0.376651982378855,0.325991189427313,38.5849792979897,0.0973356238405529,1154.56987916032,115.754937893969,786.574207492795,156.380419075276,0.213954565077299,3.267614,4.92540203455724,0.481268011527378,0.165846802529866,371,0,0,0.0597552195824334,0.0158387329013679,0.155507559395248,0.0489560835133189,0.095752339812815,0.033117350611951,9.34454628023608,2.47686768873727,24.3183373076023,7.65577285609703,14.9737910273662,5.17890516735975,6.91696173160506,1.833411543317,18.0007678798397,5.6669084066162,11.0838061482346,3.83349686329919,454,51.1135423039419,165.141464247702,54.4704997492996,0.326853851691865,0.611036339165545,37.8349473029964,1.52304305568893,0.53491720662347,83.6505769423543,61.9193080311152,0.0476190476190476,2.34475087658283,2.05120105108268,0.183189779934531,0.247482267950507,0.15063639340228,0.0968458745482264,0.640994046794961,0.686546433378197,0.0236004411961077,0.0318832781715916,0.611371452286657,0.0471512975000991,0.0312722237168378,0.0621117040911451,7.703964,40.8877,0.0616289085065871,0.125224692561154,1.79656057676867,1.79656057676867,0.00861587561666965,0.0325644277015624,4.49077168577853,18.584867161431,0.0163007849766973,0.222744686637667,1032.25979371183,4.26556963608049,0.656672593740954,2.47903288282878,372,41.8815809186485,0.267818574514039,31.0013224597239,0.170304672933826,0.353663445798995,0.423509780671681,0.402126894599045,0.835077398302559,1,0.0431661753362818,0.0376195553675864,0.0404475927741017,0.0431661753362822,0.871505410764671,0.937020536542753,1,64.7527622344233,28.5845526980788,22.417622961467,0,17.334072773179,12.1671856965583,8.33368883325911,0,41.7517810546282,11.3338168132324,8.83371016325466,0,5.58357151828361,1.08337954832368,0.250010664997773,0,1.50006398998664,0.166673776665182,0.166673776665182,0,777,343,269,0,208,146,100,0,501,136,106,0,67,13,3,0,18,2,2,0,0.423178541629199,0.436514766870773,0.470145549947552,0,0.201602827501641,0.00374331373395532,0.0866607302860622,1,4.32145059745763,3.79228588474576,4.3932019103139,5.03520805809129,4.10487913438735,2.90835491549296,15,25,16,14,11,2,5,2,4,6,4,1,150,181,131,126,112,44,76,95,72,63,102,46,0.82545372029805,0.723392825718493,0.594409480542936,0.882637608943308,0.805119085659243,0.610453859052631,2.22412419695996,2.28390612871931,2.29710289332821,2.34662266221965,2.35323276563346,2.02305396441619,0.0227890542148868,0.0205938741675851,0.0216915118761491,0.0195796941714751,0.0378721571569486,0.0190752355453442,0.117205481228321,0.197385360612768,0.196529543339029,0.299215515564653,0.17641719575617,0.112366941199359,6.64128112792969,6.84524393081665,7.40055465698242,7.1657772064209,7.72328281402588,10.7671279907227,45.3178176879883,42.510871887207,39.1438827514648,40.324520111084,39.7485733032227,36.9860725402832,0.028852503291806,0.0368710142540841,0.0376654281629,0.0271188152555245,0.033064434511578,0.0347849185053175,170.46058944799,190.549401665106,159.739080838859,171.146843077615,190.05436957255,150.340417779982,0.7953752,-0.245788,-0.3084125,-1.347048,0.160373
3,14,1,THREE_CHAMBER-exp,1,1,1,1.16666666666667,1.07781862745098,1.6230383719753,4,-1.33333333333333,0.479646251605594,3.38097901612723,0.35944311526734,0.205436970706909,0.376744186046512,0.172093023255814,31.0401373228566,0.00450538010790873,880.926466187882,41.7206146812589,2068.63326653307,86.9820509210716,0.135517489740115,3.0342949,5.608777419,0.420841683366733,0.156653426017875,210,0,0,0.01,0.022,0.034,0.118,0.024,0.096,0.869820509210716,1.91360512026358,2.95738973131643,10.2638820086864,2.08756922210572,8.35027688842287,0.417206146812589,0.917853522987695,1.4185008991628,4.92303253238855,1.00129475235021,4.00517900940085,215,37.4022818960608,197.512372623826,44.0957069852021,0.43,1.15591397849462,17.9398643129413,1.57699539890864,0.372,32.3573229426386,15.5200686614283,0.1875,2.07551917811254,2.24481031604141,0.0883180798723872,0.184131700345299,0.13373701502205,0.0503946853232488,0.811746987951807,0.746482926205397,0.0467720420367969,0.0975136194231262,0.502638486290345,0.0269955415624028,0.0973267098599628,0.188720652378827,9.152472,37.62937,0.151793123339365,0.205675686513895,1.79218073510242,1.79218073510242,0.00570329651236534,0.0231093839347058,5.1352833629933,50.347922571163,0.0170498189186158,0.209291243525131,472.887323455885,3.2164385174484,0.666206527617745,2.60740053806,154,26.7904716836901,0.308,12.8499493218277,0.396198991865971,0.64914662862344,0.700074830972421,0.565938060243704,0.927253201949511,1,0.138098141629665,0.115858313355181,0.133757967788894,0.138098141629665,0.838956353705873,0.96857181574239,1,0,12.4327431750151,12.8499493218277,16.437922184416,0,5.75744482601372,5.34023867920113,6.84218080772645,0,4.08862023876337,4.50582638557596,6.92562203708897,0,0.166882458725035,0.0834412293625177,0.166882458725035,0,0.250323688087553,0.0834412293625177,0.584088605537624,0,149,154,197,0,69,64,82,0,49,54,83,0,2,1,2,0,3,1,7,0,0.241193000462164,0.287730869284976,0.330688902044494,1,-0.0280909565432486,0.204198409026036,-0.162591312159061,5.13985103866667,3.85982532741936,9.58961301805556,4.68500740397727,3.18910586428571,3.5351782673913,0,1,1,3,0,0,1,1,3,3,3,0,26,18,28,66,28,20,40,41,33,64,21,16,0.789864401756108,0.246736225924022,0.448951521775374,0.805896327993665,0.311542522646018,0.280799604211784,2.23838060001805,1.34878720122521,1.92742954703993,2.30124569903744,1.41831174612797,1.33306695406006,0.0765426152677695,0.0231509139493635,0.0362336291054591,0.0985777864225146,0.0349693422003223,0.010879508625196,0.0776772317210974,0.0741811041490106,0.107135579719541,0.170420180520629,0.0382759387214493,0.0620145993577776,9.48960971832275,7.9261302947998,7.75251054763794,9.70152568817139,8.73989009857178,10.7872142791748,35.5090484619141,38.3488388061523,41.6886291503906,38.0412902832031,38.3163871765137,34.4166679382324,0.0156098277143889,0.0340128608389129,0.0230524115354112,0.0257614339735964,0.024347690040948,0.0259820890743169,88.3828445188701,59.7946093548089,73.7216120902449,147.613016668707,53.4675273299217,49.7816826663911,-1.227794,-0.08349419,-0.1245214,1.217795,0.8624007
3,14,1,THREE_CHAMBER-exp,2,2,1,1.82083333333333,1.5867987804878,1.49866273385302,1,1.28333333333333,0.517476431973068,3.3979840271013,0.386709961189439,0.256040645966539,0.3,0.316,37.0479058369579,0.0651531925059993,1084.68594738234,49.313766553248,1751.55254237288,95.2966425257692,0.15279806442941,2.9342632,5.77221838426396,0.413559322033898,0.18037518037518,237,0,0,0.0219966159052453,0.0135363790186125,0.0676818950930626,0.065989847715736,0.0456852791878173,0.0524534686971235,2.09620364269882,1.28997147243004,6.4498573621502,6.28861092809645,4.35365371945139,4.9986394556664,1.08473598171273,0.667529834900142,3.33764917450071,3.25420794513819,2.25291319278798,2.58667811023805,250,40.3116085134387,123.143451538381,42.8704405338954,0.423011844331641,1.04602510460251,20.8603073406294,1.50886033444351,0.404399323181049,38.5378977388474,19.9424538176417,0.0952380952380952,2.19043084557188,2.30215759347991,0.165311604944378,0.319457263616948,0.24204489448452,0.0774123691324283,0.597990941961917,0.531225281191519,0.0330145589274094,0.0637991546813627,0.522575682900966,0.0706304045880192,0.0629762384814134,0.0235374942127037,8.112782,39.11416,0.0596875606732679,0.219353433363659,1.81755903042251,1.81755903042251,0.00912097655236721,0.0295522131925418,4.023030231578,12.5833318798272,0.0135220774035938,0.182753516169161,652.128688519821,3.39202679777452,0.658422490285708,2.60740053806,186,29.9918367339984,0.314720812182741,15.5200686614283,0.396198991865971,0.64914662862344,0.700074830972421,0.565938060243704,0.927253201949511,1,0.138098141629665,0.115858313355181,0.133757967788894,0.138098141629665,0.838956353705873,0.96857181574239,1,12.4327431750151,0,16.5213634137785,20.3596599644543,4.08862023876337,0,7.34282818390156,9.4288589179645,5.75744482601372,0,6.25809220218883,7.92691678943918,0.250323688087553,0,0.417206146812589,0.417206146812589,0.166882458725035,0,0.166882458725035,0.333764917450071,149,0,198,244,49,0,88,113,69,0,75,95,3,0,5,5,2,0,2,4,0.241193000462164,0,0.270572078206125,0.42877888329518,-0.0280909565432486,1,0.0607353145128218,0.162815219548425,4.25644145694444,4.7706784925,9.30095741940299,5.60872184583333,3.67091639814815,4.46474821,2,2,3,2,3,1,1,2,1,1,3,0,31,57,25,40,62,24,30,45,39,57,62,17,0.436035418557694,0.767170994438038,0.648028082914992,0.463513807651518,0.573273067447159,0.22200078410873,2.09486476586505,2.57893323983926,2.41812200544992,2.01175140670505,2.21299336226088,1.07451127118336,0.052734194098142,0.0673039072666732,0.0210946038567697,0.0210993326571914,0.0296296982383343,0.0060161675752371,0.137969360724673,0.254687840097068,0.210019821054777,0.179247074296882,0.169428338551025,0.0395414830856545,8.36255931854248,7.79288196563721,7.15758752822876,8.71657466888428,8.57096767425537,8.77599430084229,39.6201515197754,38.0935211181641,43.2516937255859,33.7187805175781,40.9139022827148,36.060863494873,0.037459955012421,0.0275897621685131,0.0265155323750706,0.0277978583348769,0.0297469053001984,0.0331201004389899,117.174739278853,151.743691926822,122.793430428952,91.7607303634286,120.028762886301,48.7196677457541,0.008779952,-0.1011634,0.06579751,-0.2777567,0.2845561
3,14,1,THREE_CHAMBER-exp,3,3,1,1.3125,1.56482456140351,1.55184419256692,3,-0.75,0.493546711759823,3.20954385729432,0.176249840069597,0.364745339616405,0.250965250965251,0.335907335907336,17.2723344780412,0.157675778503746,977.042702399831,49.313766553248,1749.54745762712,99.9171210712994,0.141877555366603,3.000951,5.11182862199662,0.45593220338983,0.149415101028004,254,0,0,0.00846023688663283,0.0135363790186125,0.0439932318104907,0.0456852791878173,0.0355329949238579,0.0321489001692047,0.845322513293565,1.3525160212697,4.39567706912654,4.56474157178525,3.55035455583297,3.21222555051555,0.417206146812589,0.667529834900142,2.16947196342546,2.25291319278798,1.75226581661287,1.58538335788784,259,43.7877061886067,198.449596090978,45.4659258188356,0.43824027072758,1.14096916299559,21.6112784048921,1.48849499580347,0.38409475465313,38.3776421035279,18.9411590652915,0.153846153846154,2.15985457343344,2.35028359220362,0.211040300978272,0.427599446921189,0.3387607714917,0.0888386754294895,0.722277948552014,0.590361870516278,0.0258116072629247,0.0522982053125005,0.44857009083834,0.0447145114287817,0.0521541417491509,0.0268177454991881,8.443743,34.5224,0.036911590383444,0.111768987665323,1.98263094516659,1.98263094516659,0.00863025896251202,0.027620438749878,3.77291871495658,13.6878246339466,0.0145135644605911,0.186998868678672,584.669447457418,3.16043890783634,0.677172078229637,2.60740053806,206,34.8272875476949,0.348561759729272,17.1888932486786,0.396198991865971,0.64914662862344,0.700074830972421,0.565938060243704,0.927253201949511,1,0.138098141629665,0.115858313355181,0.133757967788894,0.138098141629665,0.838956353705873,0.96857181574239,1,12.8499493218277,16.5213634137785,0,19.9424538176417,4.50582638557596,6.25809220218883,0,10.8473598171273,5.34023867920113,7.34282818390156,0,6.25809220218883,0.0834412293625177,0.166882458725035,0,0.166882458725035,0.0834412293625177,0.417206146812589,0,0.166882458725035,154,198,0,239,54,75,0,130,64,88,0,75,1,2,0,2,1,5,0,2,0.287730869284976,0.270572078206125,0,0.42021803612914,0.204198409026036,0.0607353145128218,1,0.208093611972379,5.17681783617021,4.01476434047619,4.77903385348837,5.66758552894737,3.62368355492958,2.79235776511628,0,2,1,1,1,0,2,1,2,2,1,0,19,32,41,74,47,14,23,42,40,67,67,20,0.189110460700591,0.334194719609505,0.46915695681974,0.893678999309965,0.802650834521979,0.278274587409454,1.18720975300636,1.75482583769242,2.09136093734215,2.56825681340356,2.3581906139848,1.36092256170681,0.0158475816460738,0.0315841634596237,0.0214095178111628,0.0473391963173421,0.0260035566752496,0.0125830781868419,0.0837208009929052,0.152377379811143,0.201345794046274,0.36926610815492,0.343265472463553,0.115525352848928,7.25042104721069,8.32326698303223,7.94674968719482,8.23882102966309,8.75964260101318,9.93252372741699,34.4883193969727,37.949878692627,38.3270797729492,33.7189826965332,32.8884201049805,31.1930561065674,0.0336179790485193,0.0348750331595534,0.0291884759882973,0.023775628262291,0.0256784685608859,0.0303023727064009,45.2161818202585,83.2467041518539,98.0440908446908,152.401777161285,147.420088008046,58.3320674598217,0.4182113,-0.3814408,0.3426867,0.309064,0.3023997
3,14,1,THREE_CHAMBER-exp,4,4,1,1.7,1.77055803065771,1.32645470160477,2,0.8,0.761603939674507,3.43696129774483,0.306854796063467,0.369680011239272,0.24901185770751,0.33596837944664,26.5343109372806,0.0694391731205809,1057.34488402995,56.7400359665121,1508.0382916053,74.5007122609706,0.110132426810087,3.3677339,5.32178451029412,0.48159057437408,0.140512820512821,240,0,0,0.0191176470588235,0.0132352941176471,0.110294117647059,0.0485294117647059,0.0911764705882353,0.0352941176470588,1.4242783226362,0.98603883874814,8.21699032290117,3.61547574207651,6.79271200026497,2.62943690332837,1.08473598171273,0.750971064262659,6.25809220218883,2.75356056896308,5.1733562204761,2.00258950470043,253,27.7186473559199,91.6062707906289,33.1570494865866,0.372058823529412,0.778461538461538,21.110631028717,1.57814789334875,0.477941176470588,35.6069580659051,27.1183995428183,0.136363636363636,2.31524215464624,1.99956864868033,0.212562040444728,0.279097874067685,0.179891420163377,0.0992064539043077,0.642908717578438,0.795055389053118,0.0289864705073135,0.038059769648384,0.614324420315592,0.0406717743163022,0.0377725912019889,0.0278461616520371,7.24558,39.9917,0.164019483484702,0.070462031225686,1.54894921102035,1.54894921102035,0.00583141390234232,0.0237295826929933,5.6143069443343,28.6691786672732,0.0124054796611967,0.179825857764749,774.984441170469,4.24260452249093,0.656730853354698,2.60740053806,185,20.2685761298229,0.272058823529412,15.4366274320658,0.396198991865971,0.64914662862344,0.700074830972421,0.565938060243704,0.927253201949511,1,0.138098141629665,0.115858313355181,0.133757967788894,0.138098141629665,0.838956353705873,0.96857181574239,1,16.437922184416,20.3596599644543,19.9424538176417,0,6.92562203708897,7.92691678943918,6.25809220218883,0,6.84218080772645,9.4288589179645,10.8473598171273,0,0.584088605537624,0.333764917450071,0.166882458725035,0,0.166882458725035,0.417206146812589,0.166882458725035,0,197,244,239,0,83,95,75,0,82,113,130,0,7,4,2,0,2,5,2,0,0.330688902044494,0.42877888329518,0.42021803612914,0,-0.162591312159061,0.162815219548425,0.208093611972379,1,5.22861773088235,4.96296164916667,3.76086259753086,4.30726774895833,4.31456172708333,4.290693052,3,2,2,2,4,0,1,3,1,2,1,1,40,61,50,81,65,28,23,40,32,73,52,33,0.463145805160884,0.941555404272661,0.638724227997703,0.842014347175718,0.869287553489061,0.822828765588828,1.90222647563813,1.96269838108653,2.12072639536146,2.4060612386997,2.30248944872942,2.23439327069125,0.00925291295407814,0.0299540130875141,0.0146898097549228,0.0350250774552982,0.0394985458385047,0.0456276603689045,0.145226274938407,0.235584515423909,0.205370209139914,0.325395612487322,0.217559231609951,0.145718206257934,5.13817501068115,5.47761917114258,5.77542114257812,9.34645652770996,7.96604347229004,9.03450393676758,43.0676956176758,49.8163604736328,42.5837898254395,30.3339347839355,36.6804084777832,38.3596878051758,0.0200191083712032,0.01833408355947,0.0198763690988906,0.0265476547908975,0.0281068386332249,0.027552954535996,66.4634397923946,123.700061775744,91.0536468420178,159.896524805576,174.936963653192,158.705018127337,1.516279,-0.03970065,0.1265766,-0.897914,0.8750182
4,14,1,THREE_CHAMBER-exp,1,1,2,0.752777777777778,0.708614599686028,1.45124132127078,4,-2.98888888888889,0.595132109812736,3.4859754248809,0.263618708064552,0.285131494497347,0.28740157480315,0.338582677165354,43.084865360634,0.080502976026779,855.119946711594,55.668646152618,1794.73163418291,93.5399808458237,0.105773620535807,2.8675582,4.07082651167665,0.52023988005997,0.148331633396474,248,0,0,0.00898203592814371,0.0329341317365269,0.0359281437125748,0.131736526946108,0.0269461077844311,0.0988023952095808,0.840179468675063,3.08065805180857,3.36071787470025,12.3226322072343,2.52053840602519,9.2419741554257,0.500017779813934,1.83339852598442,2.00007111925574,7.3335941039377,1.5000533394418,5.50019557795328,254,35.5675975072444,182.893860962409,41.4788174745979,0.380239520958084,0.937269372693727,21.1674193454565,1.57372054158604,0.405688622754491,37.9481060018237,22.5841363882627,0.285714285714286,2.3458155648878,2.30551929858866,0.127027033285452,0.21344342069767,0.139574124800266,0.073869295897404,0.839957255029503,0.672706522693354,0.0689474980143584,0.115852424827243,0.520097947664405,0.0295970034655212,0.115569683952769,0.121009203345162,8.585933,36.54238,0.142511776546515,0.208635589778982,1.94049471871174,1.94049471871174,0.00665473775006831,0.0253767674647357,3.74439452537879,18.8753120587958,0.0160919517884882,0.203481797991786,644.823661278933,3.74373982517678,0.665810879755563,3.10645114694418,205,28.706131846398,0.30688622754491,17.0839408103094,0.490060420756029,0.823697460407143,0.895643227624163,0.547160304059902,0.91967139928265,1,0.307043551326513,0.255112767308031,0.306977721970465,0.307043551326514,0.830868344916781,0.999785602544771,1,0,21.7507734219061,14.0004978347902,19.9173748959217,0,7.58360299384467,5.8335407644959,7.75027558711598,0,8.50030225683688,6.33355854430983,7.75027558711598,0,0.166672593271311,0.250008889906967,0.0833362966356557,0,0.500017779813934,0.500017779813934,0.833362966356557,0,261,168,239,0,91,70,93,0,102,76,93,0,2,3,1,0,6,6,10,0,0.388855398205088,0.359432395945818,0.406562921876483,1,0.23000578174301,0.125510386954178,-0.114007240616851,3.11813115346535,4.25590650875,4.23550486666667,3.12914187464789,3.56686858843537,3.1343078,2,0,0,1,2,1,3,3,3,3,6,4,45,39,53,45,56,33,37,36,38,57,57,29,0.591646482936837,0.349677909351512,0.832498969587789,0.778814626826964,0.591178745258946,0.426945578010719,2.48420277466373,1.70536069240724,2.35508919763222,2.42509305506197,2.31416255604247,1.82776837177431,0.116753807894115,0.0399799937943714,0.140751992516197,0.0554757979363874,0.0416842261256964,0.0190284732290504,0.132805083058171,0.109543237948808,0.160452547781025,0.134676657466239,0.14427623383179,0.0803985418297535,9.32534313201904,7.46752691268921,6.40399885177612,10.12730884552,9.39979934692383,9.47027969360352,35.3426361083984,34.0111923217773,39.0686874389648,34.7270050048828,37.055793762207,37.9529151916504,0.0266562696238302,0.0284348062401556,0.0183929618863682,0.0250113205054255,0.0326798611271914,0.025383979738935,112.516114082187,70.6320587005466,109.2909795288,138.762806164101,136.405740344897,77.1672984063625,-1.12074,-0.4334465,0.3059258,0.6540646,0.3579277
4,14,1,THREE_CHAMBER-exp,2,2,2,1.22222222222222,1.50416666666667,1.60866703697698,3,-1.11111111111111,0.559206082971647,3.47934056309941,0.334902021931134,0.256088877033145,0.26027397260274,0.35958904109589,61.2521780272069,0.181517971187589,888.415269533205,56.7520180088815,1729.54558823529,101.486768003843,0.129415580830389,2.7675271,4.59070773612335,0.455882352941176,0.161336998987122,284,0,0,0.0117474302496329,0.0205580029368576,0.0631424375917768,0.0646108663729809,0.0513950073421439,0.0440528634361234,1.19220872838583,2.08636527467519,6.40812191507381,6.55714800612204,5.21591318668799,4.47078273144685,0.666690373085245,1.16670815289918,3.58346075533319,3.66679705196885,2.91677038224795,2.50008889906967,292,43.5156185860826,177.116442149279,45.6065922039122,0.428781204111601,1.15873015873016,24.3341986176115,1.57663063686697,0.370044052863436,37.5545749441535,21.0007467521852,0.181818181818182,2.35981901875723,2.4498251396483,0.199315194847598,0.356425298144876,0.281466707155477,0.0749585909893993,0.587086903004654,0.655857547968917,0.0341314236182134,0.0610355013250883,0.464776115282686,0.0603964222614841,0.0596593418727915,0.0573666629858657,8.687889,36.55047,0.0458480565371025,0.188015150480413,2.10958618595406,2.10958618595406,0.0084199570119381,0.0270064105625938,3.49010418216146,12.1535847667941,0.0141538287374631,0.19000970262438,639.700846996158,3.54638907208714,0.654352041699537,3.10645114694418,205,30.5503486648868,0.301027900146843,17.0839408103094,0.490060420756029,0.823697460407143,0.895643227624163,0.547160304059902,0.91967139928265,1,0.307043551326513,0.255112767308031,0.306977721970465,0.307043551326514,0.830868344916781,0.999785602544771,1,21.7507734219061,0,17.8339674800303,17.1672771069451,8.50030225683688,0,8.91698374001516,6.91691262075942,7.58360299384467,0,7.3335941039377,6.08354965440286,0.500017779813934,0,0.0833362966356557,0.0833362966356557,0.166672593271311,0,0.166672593271311,0.833362966356557,261,0,214,206,102,0,107,83,91,0,88,73,6,0,1,1,2,0,2,10,0.388855398205088,0,0.374261607609426,0.416576421923954,0.23000578174301,1,0.264559766784038,0.0499883650357186,3.72742149393939,3.78662328309859,5.21672161111111,4.08284286832298,3.00415980967742,3.77596028333333,1,2,2,2,1,0,5,1,2,2,4,0,39,32,43,61,51,26,48,28,48,63,74,31,0.582444554560905,0.541223435046982,0.574340188854876,0.797973436081729,0.559965359625439,0.299239880122471,2.52619252050817,2.27149607327064,2.3336882621991,2.70955808343298,2.16487705388224,1.4391311064079,0.0630102855978475,0.0466302047394331,0.0263507662098892,0.0312088990978641,0.0138700430226042,0.0237161107431202,0.233007460647516,0.227677103546007,0.269717921762769,0.270325843321046,0.145961941898644,0.0491692413160589,8.10827541351318,8.36966133117676,7.4154634475708,8.69084548950195,8.99028968811035,10.7475166320801,37.6651458740234,35.4858856201172,35.2716484069824,38.1703147888184,36.9658088684082,33.6633529663086,0.0345666238660046,0.0265324664675134,0.0212193446837786,0.0209712355398794,0.0295069813952865,0.0357662455002553,144.246521392837,102.229593299329,86.9780938588083,118.676221920177,112.598641004413,74.4653231315315,0.5949858,-0.2058617,0.2355891,-0.4271116,-0.3922429
4,14,1,THREE_CHAMBER-exp,3,3,1,1.4625,1.59174679487179,1.54776815939646,2,-0.15,0.55247921540719,3.33439034580506,0.192642722212202,0.391939405510967,0.273684210526316,0.389473684210526,22.0841186084488,0.272302773471985,974.765002836112,51.7518402107422,1925.65806451613,93.6720129328302,0.11824830775464,2.9675893,4.54451542769726,0.488709677419355,0.137251954299459,276,0.00350877192982456,0,0.0144927536231884,0.0161030595813204,0.0579710144927536,0.0499194847020934,0.0434782608695652,0.0338164251207729,1.35756540482363,1.50840600535958,5.43026161929451,4.67605861661471,4.07269621447088,3.16765261125513,0.750026669720901,0.833362966356557,3.0001066788836,2.58342519570533,2.2500800091627,1.75006222934877,285,42.9895711527482,218.330651691537,43.6635898661969,0.458937198067633,1.07142857142857,23.7508445411619,1.55673065230817,0.428341384863124,40.123599742565,22.1674549050844,0.368421052631579,2.32903914014272,2.42000118450166,0.224357821498343,0.406092781848791,0.336399516601119,0.0696932652476721,0.797232362749862,0.547430037687435,0.0354212223216222,0.0641132215182357,0.408375654020523,0.0272407843356409,0.06397909928538,0.0941775582768087,8.956486,31.94614,0.0154366307377421,0.0980637683559106,2.22463937186088,2.22463937186088,0.00730501115322113,0.0244292518449682,3.58681082749136,15.0597091948118,0.0144646567898133,0.190003085641435,579.095414984971,3.38243374674872,0.668206551726299,3.10645114694418,200,30.1681201071917,0.322061191626409,16.6672593271311,0.490060420756029,0.823697460407143,0.895643227624163,0.547160304059902,0.91967139928265,1,0.307043551326513,0.255112767308031,0.306977721970465,0.307043551326514,0.830868344916781,0.999785602544771,1,14.0004978347902,17.8339674800303,0,19.9173748959217,6.33355854430983,7.3335941039377,0,10.0836918929143,5.8335407644959,8.91698374001516,0,7.41693040057336,0.500017779813934,0.166672593271311,0,0.0833362966356557,0.250008889906967,0.0833362966356557,0,0.500017779813934,168,214,0,239,76,88,0,121,70,107,0,89,6,2,0,1,3,1,0,6,0.359432395945818,0.374261607609426,0,0.495373011174396,0.125510386954178,0.264559766784038,1,0.426838166677739,3.41772925,4.5738358137931,3.6851832943662,4.35363666506849,3.57232276818182,3.46804792454545,0,0,2,1,3,3,1,1,0,3,2,3,30,36,29,62,72,38,36,42,33,63,49,62,0.27224648386305,0.366345116309226,0.440261562614329,0.936808810180983,0.923860641958385,0.375321348668516,1.53463009349085,1.76929752438707,1.93651971030602,2.61709979713663,2.60388836548708,1.78782083837958,0.03143104574104,0.0269481737390765,0.028041105342861,0.0387436785654743,0.0469960589627338,0.0403683408449791,0.0726012235276683,0.145383058633928,0.226676793264577,0.396050608524906,0.420686046134681,0.0847202471663416,8.37723255157471,8.54880523681641,9.07669544219971,9.07442188262939,8.50370311737061,10.1028289794922,38.9593696594238,32.7167739868164,28.3200225830078,31.0643157958984,32.5508651733398,31.0726413726807,0.033686401807098,0.0309081834395936,0.026110682726101,0.0179558070882744,0.0195567934094325,0.0377242528839699,65.3853059075773,80.5158178601414,81.961433077231,120.573244597763,129.485529163852,101.176446234807,0.3332833,0.1855904,0.02332217,0.3287334,0.1808136
4,14,1,THREE_CHAMBER-exp,4,4,1,2.5625,2.19547193877551,1.39232348235578,1,4.25,0.725128536043737,3.45545581039469,0.307591605134957,0.3342303268508,0.301960784313725,0.317647058823529,27.4176415931307,0.120939763698869,1281.69978091909,57.0020268987885,1668.25183016105,78.6095486047046,0.117509242198286,3.2343389,5.38144893874269,0.468521229868228,0.131961259079903,229,0,0,0.0380116959064327,0.0043859649122807,0.128654970760234,0.0409356725146199,0.0906432748538012,0.0365497076023392,2.98808225690398,0.344778721950459,10.1135091772135,3.21793473820428,7.12542692030948,2.87315601625382,2.16674371252705,0.250008889906967,7.3335941039377,2.33341630579836,5.16685039141065,2.08340741589139,255,29.306191365789,145.352130397589,34.9874350743977,0.37280701754386,0.858585858585859,21.2507556420922,1.57733681886946,0.434210526315789,34.1330934730954,24.7508801007897,0,2.47904068250972,2.24880451801986,0.217502051250781,0.299949650909424,0.212120825043829,0.0878288258655945,0.659485635428428,0.637147012483335,0.0261108979885778,0.0360086476958106,0.540014753454448,0.0671271532751924,0.0358181088540952,0.0568997946651253,7.714396,36.34722,0.162379542728069,0.0650192356294403,1.81831535987891,1.81831535987891,0.00524908187799156,0.0210429961897203,5.41560960563721,32.6314709943323,0.012998082908292,0.182676642587027,655.27890134789,4.22551975443112,0.662999433515201,3.10645114694418,167,19.1926821885755,0.244152046783626,13.9171615381545,0.490060420756029,0.823697460407143,0.895643227624163,0.547160304059902,0.91967139928265,1,0.307043551326513,0.255112767308031,0.306977721970465,0.307043551326514,0.830868344916781,0.999785602544771,1,19.9173748959217,17.1672771069451,19.9173748959217,0,7.75027558711598,6.08354965440286,7.41693040057336,0,7.75027558711598,6.91691262075942,10.0836918929143,0,0.833362966356557,0.833362966356557,0.500017779813934,0,0.0833362966356557,0.0833362966356557,0.0833362966356557,0,239,206,239,0,93,73,89,0,93,83,121,0,10,10,6,0,1,1,1,0,0.406562921876483,0.416576421923954,0.495373011174396,0,-0.114007240616851,0.0499883650357186,0.426838166677739,1,4.194012265625,6.51462704512195,6.56091831588785,4.40115869119497,3.35490778623188,4.09998019902913,6,3,2,5,7,3,0,0,1,1,1,0,48,36,37,69,56,51,41,37,43,54,55,26,0.58523245636378,0.753029875007525,0.659084067743235,0.899269214382306,0.944797691876647,0.509317374367146,2.17374901888878,2.43241965260844,2.24835200102482,2.52297088756366,2.50647229374538,1.91894156144198,0.0308197450134996,0.0272816104995531,0.032222958047172,0.0216688587147806,0.0262998244825941,0.0183707217201592,0.155460258506111,0.233743800160235,0.187298838065511,0.251945056777134,0.421311240060574,0.0552187023767063,6.06793785095215,5.72349071502686,5.44434022903442,9.23672676086426,8.83475875854492,11.3568553924561,43.467155456543,40.4026031494141,24.9183692932129,40.4414901733398,33.8120002746582,34.4332160949707,0.024786684242065,0.0208205238750147,0.0186351876242988,0.0197429779487605,0.0221339531313758,0.0204444297001022,103.980140395463,112.368367353454,87.8835448361933,127.26323585771,150.001800371334,73.7226134985685,1.311885,-0.4019106,-0.09467389,-0.6205402,-0.009349754
1,21,1,THREE_CHAMBER-exp,1,1,1,2.03535353535354,1.71845746845747,1.76957845827917,1,2.14141414141414,0.754876705423831,3.54527047764469,0.349674000905139,0.260243286462657,0.514450867052023,0.194605009633911,35.093456476998,0.162698605323235,1147.94733434608,87.0555067678186,1050.18421052632,115.324139879162,0.131423864272238,2.800938,4.10257481110029,0.511695906432749,0.201756136499701,504,0,0,0.0146056475170399,0.00486854917234664,0.0603700097370983,0.0418695228821811,0.0457643622200584,0.0370009737098345,1.68438373728084,0.561461245760281,6.96211944742749,4.82856671353842,5.27773571014664,4.26710546777814,1.27150204626804,0.423834015422681,5.25554179124124,3.64497253263505,3.9840397449732,3.22113851721237,519,58.2796773099172,184.768381361097,65.7162563810515,0.505355404089581,1.41803278688525,43.9939708008743,1.58393378366853,0.356377799415774,41.0989631896526,31.0246499289402,0.15,2.65855537348012,2.45748547660294,0.25246121993598,0.334440337239223,0.244056397913993,0.0903839393252303,0.707303248682074,0.580402761795167,0.0728799040872072,0.096545440551498,0.478358819038664,0.0433374867648374,0.0947824856935433,0.0473179164057771,9.096231,36.4557,0.113161940144822,0.115200686732671,1.74988298972182,1.74988298972182,0.011852755676955,0.0334660553416535,3.19292467080714,10.3454705041044,0.0118751448135288,0.1726408648325,1064.9568130821,4.33055993921626,0.656060672508794,2.84119937546992,372,41.7727166845649,0.36222005842259,31.5332507474474,0.258875768464049,0.496915950771701,0.59593543196894,0.434402377466863,0.83384193003916,1,0.158956678081269,0.13444484355155,0.158911231105153,0.158956678081269,0.845795503368613,0.999714092061653,1,0,30.0922150950103,26.4472425623753,30.516049110433,0,14.6646569336248,13.9865225089485,15.342791358301,0,12.5454868565113,7.79854588377732,10.6806171886516,0,0.678134424676289,0.0847668030845361,0.508600818507217,0,0,0.0847668030845361,0.339067212338145,0,355,312,360,0,173,165,181,0,148,92,126,0,8,1,6,0,0,1,4,0,0.413901073836991,0.46699307584381,0.440051756477607,1,0.0545657058416346,0.171607651448311,0.261922458679759,2.99269052727273,3.74909866470588,2.97118134782609,3.59587088,5.526850875,5.76077695061728,4,2,2,0,5,2,2,0,0,2,0,1,137,61,57,57,29,25,192,75,66,85,53,48,0.838839798451336,0.774609011378846,0.871512726464377,0.928388166425846,0.549699667017094,0.656827424118256,2.63777343213185,2.77993615916225,2.71533048527328,2.67738596941474,2.28066959274925,2.00454131279909,0.130191545329925,0.0920913086367152,0.0649336815975696,0.0767292801304138,0.0351044565987579,0.0343162267612966,0.175350116705569,0.295965766208024,0.350950316772257,0.333990959949613,0.193185659968415,0.155484772109948,10.3265771865845,9.59556102752686,8.76450061798096,8.04238700866699,8.40752410888672,9.2720365524292,39.1097755432129,35.4428863525391,35.9035911560059,36.9194374084473,35.6214714050293,34.5509185791016,0.0453851446671602,0.0304719430189805,0.0290624319547415,0.0327091648948864,0.0304182729125594,0.0305823704808848,270.949313662946,169.027867926285,181.640199717134,217.450528221205,119.057120179757,106.763055348769,1.27934,0.07902251,0.05518159,0.2991238,0.008471738
1,21,1,THREE_CHAMBER-exp,2,2,2,1.05555555555556,1.41517857142857,1.66647223641948,4,-1.77777777777778,0.532789440171098,3.41201930626992,0.464471574825309,0.227138891145588,0.661504424778761,0.0884955752212389,56.9632916728083,0.136251817608916,808.014338342018,81.2913641580702,1138.82463465553,152.576905675842,0.152340658806262,2.5675265,3.59442583576642,0.516701461377871,0.213225691558827,449,0,0,0.00312825860271116,0.0114702815432742,0.032325338894682,0.0448383733055266,0.0291970802919708,0.0333680917622523,0.477300017755501,1.7501000651035,4.93210018347351,6.84130025449551,4.45480016571801,5.09120018939201,0.254300409253608,0.932434833929898,2.62777089562062,3.64497253263505,2.37347048636701,2.71253769870516,452,71.9132026751621,398.702997782125,80.4600303978529,0.471324296141814,1.20212765957447,38.3145949942103,1.5843241164417,0.392075078206465,59.8216022253561,31.8723179597856,0.214285714285714,2.29689758130987,2.43999210625235,0.163683786137084,0.307220402274713,0.234650916384096,0.0725694858906175,0.722662530144695,0.425220834602498,0.0591085355005311,0.110941642314737,0.48415024661394,0.0448989155470674,0.109638943045222,0.0527887932495421,9.177932,35.87688,0.106224515208719,0.170142471591387,2.02037162296582,2.02037162296582,0.0150358527898788,0.0405160767516796,2.68254998355888,8.08776767233328,0.013108016524647,0.181027415065156,902.819738257676,3.51900587090523,0.649382672971956,2.84119937546992,351,55.8441020773936,0.366006256517205,29.7531478826722,0.258875768464049,0.496915950771701,0.59593543196894,0.434402377466863,0.83384193003916,1,0.158956678081269,0.13444484355155,0.158911231105153,0.158956678081269,0.845795503368613,0.999714092061653,1,30.0922150950103,0,24.6671396976,26.5320093654598,12.5454868565113,0,13.3083880842722,12.4607200534268,14.6646569336248,0,6.86611104984743,10.3415499763134,0,0,0.169533606169072,0.0847668030845361,0.678134424676289,0,0.169533606169072,0.0847668030845361,355,0,291,313,148,0,157,147,173,0,81,122,0,0,2,1,8,0,2,1,0.413901073836991,0,0.349883053286717,0.312648538813825,0.0545657058416346,1,0.186539470028973,0.16765027695614,2.73440056590909,3.23480649415205,3.132507371875,3.28739374299065,4.02475209574468,3.82481029411765,2,1,0,0,0,0,4,2,1,0,3,1,183,64,53,40,30,6,218,81,73,40,22,18,0.886545515171724,0.637618269137255,0.624763810158942,0.387217035308066,0.427588953674158,0.311567423809008,2.48221899660237,2.5733000241169,2.34954015485774,1.94675517759774,1.9670994803341,1.170798122169,0.117835574821237,0.0761136865699982,0.0473398540254159,0.0447417657737764,0.0425328930610808,0.0223586349790484,0.147859471675744,0.242248537700241,0.163568411692786,0.159025230632433,0.186720512024897,0.0735340353264371,10.2494716644287,9.65816402435303,8.76835536956787,7.70026302337646,8.05755138397217,7.69545555114746,36.4864273071289,35.6185302734375,37.7544288635254,36.887866973877,32.204532623291,33.8096122741699,0.0502485393318878,0.0382084435821039,0.0369561451594178,0.0352956576781844,0.0354528026003268,0.0356591770680045,318.023005431518,173.61916763708,163.826591491699,95.1923887580633,107.351086273789,44.6096305120736,-0.5004473,-0.1128175,-0.4444177,0.7910432,-0.3358754
1,21,1,THREE_CHAMBER-exp,3,3,1,1.41666666666667,1.45008051529791,1.09715036350241,3,-0.333333333333333,0.570224950673533,3.45213860003774,0.438639265007627,0.206185251583674,0.64453125,0.06640625,36.0258913109279,0.19325257757983,991.796607249102,74.1709526989691,1250.79748283753,130.073145012965,0.137816324760317,2.734249,3.814305936,0.517162471395881,0.153357654371031,251,0,0,0.00571428571428571,0.00685714285714286,0.0365714285714286,0.0388571428571429,0.0308571428571429,0.032,0.743275114359799,0.891930137231758,4.75696073190271,5.05427077764663,4.01368561754291,4.16234064041487,0.423834015422681,0.508600818507217,2.71253769870516,2.88207130487423,2.28870368328248,2.37347048636701,256,38.0556858552217,161.485577359192,40.3418721024965,0.292571428571429,0.571428571428571,21.7003015896413,1.58271944143479,0.512,66.5974502466379,37.9755277818722,0,2.37098826500413,2.42933046992975,0.168606618579413,0.295684393291209,0.202687426594205,0.0929969666970043,0.745927475782237,0.542973897336433,0.0414138186340592,0.0726271598342767,0.491673218399193,0.0539867349790918,0.0721782915743572,0.0860284934962294,9.82971,36.3238,0.0566703062630891,0.130434464893147,2.03706192316642,2.03706192316642,0.00974964071065187,0.0225132007758115,3.27023413300459,10.9131802028748,0.0127800797781077,0.184003389555521,538.673354962841,3.71441571897814,0.671816807033613,2.84119937546992,209,31.0688997802396,0.238857142857143,17.7162618446681,0.258875768464049,0.496915950771701,0.59593543196894,0.434402377466863,0.83384193003916,1,0.158956678081269,0.13444484355155,0.158911231105153,0.158956678081269,0.845795503368613,0.999714092061653,1,26.4472425623753,24.6671396976,0,23.0565704389938,7.79854588377732,6.86611104984743,0,7.0356446560165,13.9865225089485,13.3083880842722,0,10.6806171886516,0.0847668030845361,0.169533606169072,0,0.169533606169072,0.0847668030845361,0.169533606169072,0,0.254300409253608,312,291,0,272,92,81,0,83,165,157,0,126,1,2,0,2,1,2,0,3,0.46699307584381,0.349883053286717,0,0.344707405525978,0.171607651448311,0.186539470028973,1,0.221610611262208,2.86528703508772,3.08136899157303,3.4104317295082,3.15062220454545,5.98435702941176,3.65391182258065,2,1,1,1,0,0,2,2,0,1,1,0,190,80,57,77,6,38,101,64,36,38,4,13,0.859513356303953,0.676020136434999,0.594642658663999,0.648711607572895,0.284359992034345,0.446069714821744,2.60014738143397,2.62262036913261,2.4650641107363,2.42248817939611,1.57847805683343,1.54225206784949,0.0705837130895484,0.0500863717830563,0.0411572375977178,0.0455290652439702,0.0207338591283165,0.0180188538235946,0.220730984402208,0.229623900670134,0.197408395391056,0.211301915453299,0.103169126602972,0.035944933228189,10.2897567749023,9.39404487609863,10.6807012557983,10.05712890625,9.23384189605713,8.32697010040283,35.4704895019531,36.3644180297852,36.5645332336426,35.0442085266113,33.0080909729004,44.103271484375,0.0264641307734029,0.0217908748817842,0.0172419404414347,0.0212895957247662,0.022409501871505,0.026026643348097,162.569155341014,105.119180429727,73.3299726974219,97.2934524621814,45.312012784183,54.994297394529,-0.907214,0.1900476,-0.9169534,-0.02860486,-0.08752623
1,21,1,THREE_CHAMBER-exp,4,4,1,1.49242424242424,1.41628344481605,1.46679894179894,2,-0.0303030303030303,0.508328380403829,3.45852499581012,0.426547848338643,0.232463947721842,0.606951871657754,0.114973262032086,34.8391560677444,0.217061115632702,1052.24172006281,80.1046289148866,1160.20338983051,157.584411972531,0.167508448711533,2.6342155,3.82671361851852,0.503177966101695,0.199373397892338,366,0,0,0.00846560846560847,0.00952380952380952,0.037037037037037,0.0423280423280423,0.0285714285714286,0.0328042328042328,1.33404793204259,1.50080392354792,5.83645970268635,6.67023966021297,4.50241177064375,5.16943573666505,0.678134424676289,0.762901227760825,2.96683810795876,3.39067212338145,2.28870368328248,2.62777089562062,374,62.3667408229912,289.777550443683,64.2622425338458,0.395767195767196,0.909975669099757,31.7027843536165,1.58479687725488,0.434920634920635,68.5367125086882,34.8391560677444,0.117647058823529,2.18859898449537,2.33864402574375,0.14641304527043,0.288028469223213,0.173887457601987,0.114141011621226,0.849708210088736,0.675475987496448,0.0399597379828321,0.078610086556818,0.51951698700721,0.0634425642071185,0.0778115520298531,0.0504018930056407,8.716887,36.62536,0.0294963517629542,0.153878582800641,2.15885585602283,2.15885585602283,0.013282417319715,0.0335472216487568,3.07150656350562,8.26460612252449,0.0136042596784443,0.186665637869042,716.031898871064,3.40989622159057,0.654945002016823,2.84119937546992,323,53.8621852562197,0.341798941798942,27.3796773963052,0.258875768464049,0.496915950771701,0.59593543196894,0.434402377466863,0.83384193003916,1,0.158956678081269,0.13444484355155,0.158911231105153,0.158956678081269,0.845795503368613,0.999714092061653,1,30.516049110433,26.5320093654598,23.0565704389938,0,10.6806171886516,10.3415499763134,10.6806171886516,0,15.342791358301,12.4607200534268,7.0356446560165,0,0.339067212338145,0.0847668030845361,0.254300409253608,0,0.508600818507217,0.0847668030845361,0.169533606169072,0,360,313,272,0,126,122,126,0,181,147,83,0,4,1,3,0,6,1,2,0,0.440051756477607,0.312648538813825,0.344707405525978,0,0.261922458679759,0.16765027695614,0.221610611262208,1,2.67436675839793,3.65990011988304,2.8152285,3.24257774125874,4.18265071875,4.30447181818182,2,2,0,3,0,1,2,2,2,1,1,1,167,76,47,54,31,36,166,61,39,65,17,26,0.78268219035975,0.5549468107277,0.432023637508799,0.637295765255085,0.270614605862166,0.468979842180405,2.43468915632496,2.32780799956613,1.97755602415557,2.4780104025254,1.42143614398296,1.7013591222627,0.0800035196917491,0.0551853172599999,0.0333537104960913,0.0431486421399726,0.0128145160169872,0.0124626969523603,0.154718239413138,0.175531545383393,0.0930263791634248,0.268797932644215,0.0782810857373094,0.103799112458058,9.40078353881836,8.74346351623535,9.66563701629639,8.51920413970947,6.5789270401001,7.76320505142212,37.5497398376465,35.8811721801758,40.2113876342773,34.3613204956055,33.2900924682617,38.1391677856445,0.0407978358668794,0.0317098245097227,0.029320780978369,0.0311027914564339,0.0328393885303844,0.0302689128228448,226.591180404648,125.380646111444,90.5718924421817,141.362187169492,63.6755743604153,68.4682808052748,-0.4126218,-0.4172677,-1.157773,0.3705581,0.3138547
2,21,1,THREE_CHAMBER-exp,1,1,1,1.84638798701299,1.90294306335204,1.64617369790556,1,1.38555194805195,0.652204067795032,3.48672076956209,0.261039623819765,0.409189173083406,0.297979797979798,0.409090909090909,28.9802257570257,0.143593226782329,1039.7436533325,68.3464283749508,1275.06380368098,104.793011497178,0.177514265017075,3.7345728,6.09822491911765,0.450306748466258,0.154291224686596,377,0,0,0.0232843137254902,0.0134803921568627,0.0906862745098039,0.0551470588235294,0.0674019607843137,0.0416666666666667,2.44003335593918,1.41265089028058,9.50328780734209,5.77902636932965,7.0632544514029,4.36637547904907,1.5913996802991,0.921336657015269,6.19808296537544,3.76910450597155,4.60668328507634,2.84776784895628,396,50.8554320501009,194.204833732287,56.0565966991772,0.485294117647059,1.21846153846154,33.1681196525497,1.56585414750858,0.39828431372549,41.7374126673808,27.2213103209057,0.166666666666667,2.46137604949242,2.34480572468392,0.199712490971704,0.306211661093883,0.233365806542935,0.0728458545509478,0.685425788397922,0.475400467007397,0.0644917040534429,0.0988827074806142,0.513847504380315,0.0333926891267086,0.0985484594257357,0.0476654379184792,8.497096,38.2556,0.0927841673476525,0.0502152528384377,1.74980403072227,1.74980403072227,0.00773814367130399,0.0276847965772959,3.85992202380165,15.9957067222628,0.0133164755202934,0.179956985688019,770.163355983794,3.97314945600053,0.666028868434625,2.4641714145097,254,32.6193932846607,0.311274509803922,21.2745009892617,0.310387454437631,0.608045824059831,0.677852606550129,0.457898149890314,0.897017756049396,1,0.120657297321158,0.0900832826352906,0.120575882724718,0.120657297321157,0.746604512410993,0.999325241006995,1,0,20.9394694776197,18.9292804077682,28.4776784895628,0,10.5534926167203,9.12960869224221,13.4850183435871,0,9.29712444806317,7.28693537821167,10.6372504946308,0,0.670063023283832,0.335031511641916,0.586305145373353,0,0.167515755820958,0.251273633731437,0.502547267462874,0,250,226,340,0,126,109,161,0,111,87,127,0,8,4,7,0,2,3,6,0,0.414462185115163,0.371958017165204,0.354809104400843,1,0.181109077987641,0.156266599493035,0.0934040028663126,4.1937342,5.31517868780488,4.863476,7.76188079263804,4.78404391578947,5.45520858640777,5,2,3,2,5,2,1,2,1,4,2,1,65,26,53,53,94,34,72,46,41,75,103,59,0.525355674113593,0.505263304141639,0.568851654255122,0.733128635471083,0.838650667580547,0.775913374506236,2.24177354720794,2.2991891943226,2.37624139424702,2.31022360035837,2.38340387343437,2.30802673614888,0.0620391982512689,0.108517151471085,0.0696528472453781,0.0625764143603423,0.0438570085537376,0.039548913121355,0.149563743470046,0.170870980739039,0.175326960838798,0.152115519988144,0.317868373400516,0.233558303600002,9.84675121307373,10.4461784362793,7.66297483444214,7.01669454574585,8.90131664276123,8.5632848739624,41.3021965026855,39.9599990844727,40.8355827331543,40.1585731506348,33.6580123901367,36.221809387207,0.0325790826158954,0.0280957082884007,0.0275803685462212,0.0266275989206609,0.0263612434977073,0.026571293060585,122.562508800998,101.594081170857,112.527903668582,139.39548034966,157.74568109028,136.603017624468,1.072308,0.5571356,-0.2208526,0.1507092,0.366275
2,21,1,THREE_CHAMBER-exp,2,2,1,0.88575487012987,1.00465861657722,1.59035883455518,4,-2.45698051948052,0.57000332815362,3.43140913617459,0.285731172780628,0.31557583581661,0.36271186440678,0.332203389830508,37.4397714259841,0.13589489314512,749.29390029394,53.5212839847961,1728.57836990596,93.8964411982727,0.127728871322489,3.000996,4.8971391342723,0.456112852664577,0.149342105263158,290,0,0,0.00782472613458529,0.028169014084507,0.0453834115805947,0.0954616588419405,0.0375586854460094,0.0672926447574335,0.734713937388675,2.64497017459923,4.26134083685432,8.96351003614184,3.52662689946564,6.3185398615426,0.418789389552395,1.50764180238862,2.42897845940389,5.10923055253922,2.0101890698515,3.6015887501506,295,43.3481223059318,159.330778611627,45.7484436495005,0.461658841940532,1.09259259259259,24.7085739835913,1.57909466601411,0.422535211267606,39.6745526189885,22.6146270358293,0.434782608695652,2.40230766137847,2.48506264363727,0.28352920823303,0.497416759216916,0.43260708608262,0.0648096731342959,0.64868869788455,0.296274518039397,0.0341341331245932,0.0598840944230309,0.349695673003637,0.0568694061540472,0.059405010779382,0.0361340672023693,7.077238,36.40814,0.0524678251780231,0.124061147425338,1.84868170336012,1.84868170336012,0.00652286084368825,0.0271487589715172,4.02690245841145,16.9622489817401,0.0164557402424991,0.205926467156855,658.68319016695,3.3058084993464,0.666606605925205,2.4641714145097,248,36.4418112944783,0.38810641627543,20.7719537217988,0.310387454437631,0.608045824059831,0.677852606550129,0.457898149890314,0.897017756049396,1,0.120657297321158,0.0900832826352906,0.120575882724718,0.120657297321157,0.746604512410993,0.999325241006995,1,20.9394694776197,0,16.9190913379168,15.6627231692596,9.29712444806317,0,7.70572476776406,7.70572476776406,10.5534926167203,0,6.3655987211964,5.69553569791257,0.167515755820958,0,0.083757877910479,0.167515755820958,0.670063023283832,0,0.502547267462874,0.335031511641916,250,0,202,187,111,0,92,92,126,0,76,68,2,0,1,2,8,0,6,4,0.414462185115163,0,0.321937187112831,0.317355351383977,0.181109077987641,1,0.11869069808503,0.10788490336269,3.91422838545455,4.50210026181818,4.70093714018692,5.68283845714286,3.5388756662069,4.91591725714286,1,1,1,1,1,0,4,3,1,1,8,1,73,18,42,28,69,40,80,27,49,41,69,29,0.607915601496795,0.377698224879474,0.752778704012449,0.622489904042088,0.723094165211713,0.359856897894068,2.43612752229507,1.93133647496338,2.64913157601089,2.2791891953619,2.50103792457864,1.6586050121711,0.0637990441258197,0.0339417123221059,0.0440841391574969,0.0165796006076099,0.030662856772365,0.0151604166965194,0.22278722537142,0.204645971592514,0.323654181023304,0.424303471527546,0.420184412468913,0.100018628111253,7.47842645645142,7.30878639221191,6.05833292007446,7.17923450469971,7.56721782684326,7.5439395904541,41.1876678466797,34.4763488769531,40.4571914672852,31.4735717773438,32.9565353393555,37.486385345459,0.0384308843800017,0.0269326842300185,0.023770079250208,0.0176823159553809,0.0262869030540713,0.0344960999541454,166.713176440448,72.6105166841298,127.97810668312,78.7039883174002,135.508985243738,77.1677755974233,-0.6245635,0.2613703,0.1328458,0.5083438,-0.932949
2,21,1,THREE_CHAMBER-exp,3,3,1,1.72321428571429,1.53989832007073,1.44606758268414,2,0.892857142857143,0.51327266111871,3.36164375118472,0.410683790750874,0.251466945168474,0.382978723404255,0.268085106382979,50.8410318916607,0.0335074434792996,1085.85601592889,48.4958113101673,1898,94.4835269512849,0.12756760024788,3.0676848,4.86056538860104,0.461937716262976,0.147126436781609,226,0,0,0.0155440414507772,0.00863557858376511,0.0569948186528497,0.0535405872193437,0.0414507772020725,0.0449050086355786,1.4686558593464,0.81591992185911,5.38507148427012,5.05870351552648,3.91641562492373,4.24278359366737,0.753820901194311,0.418789389552395,2.76400997104581,2.59649421522485,2.0101890698515,2.17770482567245,235,38.3482363273782,188.293269780375,44.3346659756632,0.40587219343696,0.903846153846154,19.6831013089626,1.58029066884416,0.449050086355786,42.4278359366737,21.7770482567245,0.142857142857143,2.21367524193882,2.36557232469124,0.163745158079539,0.319021780202839,0.257857347984462,0.0611644322183764,0.682053446345567,0.48071267946722,0.0289114920601426,0.0563277459530539,0.486458789921555,0.0487296141231239,0.0559483683741177,0.0894620697994287,9.522271,35.23068,0.13502818881214,0.203261751406216,1.77690633454754,1.77690633454754,0.00831815507262945,0.0218407573227915,3.37919384609255,14.3446948215433,0.0150006765468,0.203705483216993,472.524784678593,3.3856305417377,0.671443906842294,2.4641714145097,141,23.0089417964269,0.243523316062176,11.8098607853775,0.310387454437631,0.608045824059831,0.677852606550129,0.457898149890314,0.897017756049396,1,0.120657297321158,0.0900832826352906,0.120575882724718,0.120657297321157,0.746604512410993,0.999325241006995,1,18.9292804077682,16.9190913379168,0,12.6474395644823,7.28693537821167,6.3655987211964,0,6.03056720955449,9.12960869224221,7.70572476776406,0,4.94171479671826,0.251273633731437,0.502547267462874,0,0,0.335031511641916,0.083757877910479,0,0,226,202,0,151,87,76,0,72,109,92,0,59,3,6,0,0,4,1,0,0,0.371958017165204,0.321937187112831,0,0.218142238613874,0.156266599493035,0.11869069808503,1,-0.174434967140166,4.26322507549669,3.75902536,3.52922009268293,4.74225187118644,4.06060693333333,4.78730314285714,1,3,1,1,2,1,2,0,1,0,1,1,61,30,32,53,46,38,65,25,39,43,41,22,0.799141380460153,0.476476063891372,0.429541328591012,0.619845504056908,0.438213486840582,0.341367303365956,2.73080592209902,2.09502057618299,1.99770179005765,2.2180217148178,2.02801784416391,1.51791579226588,0.0721768367233522,0.0217571516563315,0.018696046830425,0.0250361231521618,0.0221183815050317,0.0132068532343655,0.278634544848283,0.137123776797003,0.165666333222185,0.198015079100441,0.15382371057153,0.0456149903754759,10.1154136657715,8.52988433837891,9.88213348388672,9.31911754608154,10.129448890686,9.03991413116455,35.7745819091797,38.1496276855469,32.4319038391113,31.1656284332275,37.9012794494629,37.6446342468262,0.0239682558960514,0.0203371151428918,0.0210708035932233,0.0185492189295642,0.0208512360022855,0.0278087058478335,136.786836398765,69.0241687949747,64.2238093521446,80.3181179650128,63.3460549749434,58.8988389857113,-0.1921128,0.368802,-1.102755,-0.1926234,-0.9632784
2,21,1,THREE_CHAMBER-exp,4,4,1,1.54464285714286,1.5525,1.31739988485513,3,0.178571428571429,0.509918130524134,3.32294901073215,0.298292886903134,0.336174018962506,0.220472440944882,0.488188976377953,27.6400997104581,0.00895131302961216,1125.10643044467,56.7878412233047,1590.02954209749,111.366585779042,0.188824955955246,3.3677844,6.10389406017699,0.422451994091581,0.17116512992456,244,0,0,0.0147492625368732,0.0132743362831858,0.0619469026548673,0.0604719764011799,0.0471976401179941,0.0471976401179941,1.6425750114903,1.47831751034127,6.89881504825925,6.73455754711022,5.25624003676895,5.25624003676895,0.83757877910479,0.753820901194311,3.51783087224012,3.43407299432964,2.68025209313533,2.68025209313533,254,41.7214052918535,129.012493407326,45.9209606525735,0.374631268436578,0.781538461538462,21.2745009892617,1.49818717363265,0.479351032448378,53.3836878734346,27.2213103209057,0.105263157894737,2.19261887689993,2.3394004997052,0.140396104586258,0.275330677969712,0.199774527374689,0.0755561505950226,0.608358909137987,0.526660223108211,0.0309991520578307,0.0607924100011258,0.526429895053295,0.0694416129356171,0.0605885413655547,0.0680054040402504,8.412625,40.01632,0.0914518185386574,0.285631065809532,1.74597968007838,1.74597968007838,0.00907312473282218,0.0288364701161665,3.67286945169293,13.1051622979171,0.0159039752063655,0.201562728590225,626.443476803601,3.44348429681362,0.663537659302153,2.4641714145097,208,34.1655602389982,0.306784660766962,17.4216386053796,0.310387454437631,0.608045824059831,0.677852606550129,0.457898149890314,0.897017756049396,1,0.120657297321158,0.0900832826352906,0.120575882724718,0.120657297321157,0.746604512410993,0.999325241006995,1,28.4776784895628,15.6627231692596,12.6474395644823,0,10.6372504946308,5.69553569791257,4.94171479671826,0,13.4850183435871,7.70572476776406,6.03056720955449,0,0.502547267462874,0.335031511641916,0,0,0.586305145373353,0.167515755820958,0,0,340,187,151,0,127,68,59,0,161,92,72,0,6,4,0,0,7,2,0,0,0.354809104400843,0.317355351383977,0.218142238613874,0,0.0934040028663126,0.10788490336269,-0.174434967140166,1,3.83151855555556,5.19749964507042,5.99750333076923,7.12375158381503,4.04047142608696,5.30474566567164,1,1,0,3,5,0,1,2,2,2,2,0,55,43,25,76,94,32,37,19,23,51,90,34,0.421191323033604,0.500525635741378,0.375115779333852,0.754371827646252,0.720000555738229,0.312474625168967,1.96354249124916,2.21010695488818,1.91545301908859,2.47777767877731,2.33529443202552,1.4267215071055,0.043398725501093,0.0335341709543415,0.0173483753843874,0.0388740691341558,0.0411199977770471,0.0111147730475112,0.104145826386573,0.110063956207828,0.138421140380127,0.212181838390575,0.169727086218155,0.106815500499138,8.81486892700195,9.43780612945557,8.06326675415039,7.16125249862671,9.10305786132812,8.00034046173096,41.2512626647949,40.6545944213867,38.5484619140625,42.3292503356934,39.3272743225098,34.379508972168,0.0321841070196818,0.0268055963851293,0.0242153588975787,0.0259189497175738,0.0345112226370734,0.0269493183774474,97.0350826643407,96.2052854262292,65.1877461522818,140.117842173204,176.421370120719,51.4731981009245,-0.1885616,0.2504189,-0.570279,-0.8804691,0.3696478
3,21,1,THREE_CHAMBER-exp,1,1,1,2.225,1.73721407624633,1.69743089644694,1,2.9,0.551151612736399,3.39193559159496,0.218670115298185,0.474036936244822,0.231617647058824,0.455882352941176,21.4174377091983,0.0121171975428767,1182.23006642638,44.9182837558672,2066.39405204461,81.4989609353649,0.136032737936849,4.001304,6.00888466493506,0.488847583643123,0.151776103336921,258,0,0,0.025974025974026,0.00927643784786642,0.0816326530612245,0.0575139146567718,0.0556586270871985,0.0482374768089054,2.1168561281913,0.756020045782606,6.65297640288693,4.68732428385216,4.53612027469564,3.93130423806955,1.16670866898356,0.41668166749413,3.66679867394834,2.5834263384636,2.50009000496478,2.16674467096947,272,41.1274904905738,141.816097361071,53.3422942065551,0.504638218923933,1.2952380952381,22.6674827116807,1.57488998135834,0.38961038961039,31.7528419228695,17.5006300347534,0.105263157894737,2.31570601982243,2.4009161919477,0.176532248166968,0.320297072688415,0.243624253186823,0.0766728195015924,0.730713513762101,0.577474564816337,0.0427847731933856,0.0776279560917267,0.479880509891686,0.0277367744393124,0.0772176114862878,0.0944576868888597,8.753451,36.85749,0.228989095757345,0.0931629913825867,1.3953635261066,1.3953635261066,0.0063993763178587,0.0234731729274031,4.26890092416143,16.128382925571,0.0128775398590276,0.173327099816795,555.398744635284,3.53357430569935,0.666907920531083,2.12023995222879,176,26.6119056115477,0.326530612244898,14.6671946957934,0.266199901872854,0.528830127310821,0.577804730230646,0.460709108017501,0.915240218091887,1,0.0807962799399626,0.0408796004006065,0.0732328175910606,0.0807962799399631,0.505958943047659,0.906388482804869,1,0,12.2504410243274,14.9172036962898,17.7506390352499,0,6.4168976794096,7.66694268189199,8.58364235037907,0,5.00018000992956,5.16685267692721,7.33359734789668,0,0.583354334491782,0.333345333995304,0.250009000496478,0,0.333345333995304,0,0.0833363334988259,0,147,179,213,0,77,92,103,0,60,62,88,0,7,4,3,0,4,0,1,0,0.265144562345478,0.221355567717021,0.282556727704702,1,0.0557479724301699,-0.106501951626843,0.0871055718253033,2.813416875,5.40424877313433,9.12635730746269,5.27069458415842,5.0315975721519,4.745546544,0,4,0,4,4,2,0,1,2,1,1,0,25,29,21,43,59,33,21,42,37,48,70,55,0.18195711573195,0.541177887175877,0.445871347195851,0.570335619578658,0.721252257676099,0.846384384133999,1.10443992366634,2.16942659336795,2.13240646581341,2.20667432006566,2.5901582571204,2.42941655667251,0.0245079423887371,0.0472007002301683,0.064872875468902,0.0346780654752257,0.0588477747418145,0.0265977404427398,0.0452739313666466,0.132983526992669,0.175964432918075,0.156750598576384,0.242861112397536,0.305387640527508,9.22147369384766,7.96601676940918,7.88136959075928,8.30560302734375,9.1978759765625,9.77017879486084,40.4737281799316,41.8456497192383,38.189323425293,37.9492416381836,36.3929824829102,31.8481197357178,0.0363853991394029,0.0281359518963831,0.0223456237476803,0.0266466064478192,0.0233550595211734,0.0163010973768846,46.7552378941327,109.195629309863,71.3942678738385,108.664861094207,120.395331831649,98.8987577855587,0.6754204,0.1197981,-0.5162452,0.3231378,0.8604841
3,21,1,THREE_CHAMBER-exp,2,2,1,0.889285714285714,0.970967741935484,1.50601644976462,4,-2.44285714285714,0.456016876477676,3.36991636039678,0.295879568449593,0.418321915619195,0.288659793814433,0.494845360824742,34.6679147355116,0.041746115558774,851.709802131239,35.7512870709963,2682.46028037383,78.3990437966752,0.102472307983967,3.2343874,4.70541847039627,0.495327102803738,0.138003220611916,188,0,0,0.013986013986014,0.034965034965035,0.0442890442890443,0.0909090909090909,0.0303030303030303,0.0559440559440559,1.09649012303042,2.74122530757605,3.47221872292967,7.12718579969774,2.37572859989925,4.38596049212169,0.500018000992956,1.25004500248239,1.58339033647769,3.25011700645421,1.08337233548474,2.00007200397182,194,35.4531806446503,135.155428267025,43.4700451901482,0.452214452214452,1,16.1672486987722,1.58306033054871,0.452214452214452,35.4531806446503,16.1672486987722,0.19047619047619,2.12519713429343,2.47970249478605,0.212475811076694,0.46593848174629,0.385648561910952,0.0802899198353375,0.441253538745145,0.390437239111186,0.0207891590398068,0.045588573827321,0.39308444372224,0.0429801754956126,0.045102778680533,0.0524083252085365,6.985498,38.6959,0.18442273318167,0.100417596669443,1.54209321850287,1.54209321850287,0.00680456077679992,0.0253410408598545,3.17012559449364,11.9560463560201,0.0166424714494821,0.206533935278278,493.922227399424,2.90299290714707,0.6808137126256,2.12023995222879,166,30.336226737175,0.386946386946387,13.8338313608051,0.266199901872854,0.528830127310821,0.577804730230646,0.460709108017501,0.915240218091887,1,0.0807962799399626,0.0408796004006065,0.0732328175910606,0.0807962799399631,0.505958943047659,0.906388482804869,1,12.2504410243274,0,11.500414022838,12.0004320238309,5.00018000992956,0,5.58353434442134,5.58353434442134,6.4168976794096,0,4.66683467593425,5.08351634342838,0.333345333995304,0,0.0833363334988259,0.0833363334988259,0.583354334491782,0,0.250009000496478,0.41668166749413,147,0,138,144,60,0,67,67,77,0,56,61,4,0,1,1,7,0,3,5,0.265144562345478,0,0.215775616330292,0.222300354063315,0.0557479724301699,1,0.0436994667998115,0.0257909074463405,2.76273610724638,3.25661686666667,4.31054456451613,5.335072,4.24616751450382,3.87684483488372,0,1,3,0,1,1,1,4,0,4,4,2,31,18,25,14,59,47,39,17,25,17,56,40,0.539656370119946,0.269908164257696,0.442249803176956,0.339732041550695,0.747163432593896,0.397381915204069,2.28468470984376,1.50413556587654,2.04107512381797,1.76598175552002,2.54489188444639,1.80917852508772,0.0354374102718474,0.0128699711479236,0.0347844208771361,0.00991529623163169,0.0203630806279813,0.0113626362427797,0.27642754596397,0.104761287274984,0.217890056962905,0.161265971685137,0.361218913536794,0.153277469740554,7.4227147102356,6.32200050354004,7.22518730163574,8.44865608215332,6.23540592193604,7.158203125,32.2773284912109,42.5707359313965,38.4641532897949,36.6845626831055,41.0790557861328,42.278263092041,0.0313671260575905,0.0269775919896642,0.0236809717282336,0.0201611655949926,0.02241264158645,0.0278222921773359,120.794802447781,51.6081334762275,74.524018028751,48.4472809247673,119.885219845921,78.681442277506,-0.6519736,0.1948775,0.3530961,-0.1799961,-0.6706946
3,21,1,THREE_CHAMBER-exp,3,3,1,1.425,1.65210803689065,1.29068914956012,3,-0.3,0.449432703655875,3.33698691040775,0.328686071785986,0.338044119239327,0.298913043478261,0.423913043478261,47.3350374273331,0.0347825856626608,902.581856432328,40.7514670809259,2286.59016393443,90.6731235832111,0.137493258955713,3.501141,5.45890240327198,0.473360655737705,0.12478093235191,179,0,0,0.0102249488752556,0.0122699386503067,0.0633946830265849,0.0531697341513292,0.0531697341513292,0.0408997955010225,0.927128052998068,1.11255366359768,5.74819392858802,4.82106587558996,4.82106587558996,3.70851221199227,0.41668166749413,0.500018000992956,2.5834263384636,2.16674467096947,2.16674467096947,1.66672666997652,184,34.1183123503289,103.484056318161,40.3212704350856,0.376278118609407,0.747967479674797,15.333885363784,1.58170294107402,0.503067484662577,45.614700207505,20.5007380407112,0.0909090909090909,1.99142165551285,2.22238472520684,0.12641380252576,0.281274151830644,0.211802752750518,0.0694713990801265,0.537701807448732,0.458022249690977,0.020211017721691,0.0449700646109773,0.54815424196313,0.0320650437781449,0.0447845785516287,0.0935364978171039,8.101895,36.33229,0.153838359204059,0.135871477700809,1.53841794131084,1.53841794131084,0.00825748965144157,0.0209220879028149,3.40129536590152,13.5820597649024,0.0149600157797005,0.201104972916136,397.456903889775,3.04514092838219,0.681759015189429,2.12023995222879,128,23.7344781567505,0.261758691206544,10.6670506878497,0.266199901872854,0.528830127310821,0.577804730230646,0.460709108017501,0.915240218091887,1,0.0807962799399626,0.0408796004006065,0.0732328175910606,0.0807962799399631,0.505958943047659,0.906388482804869,1,14.9172036962898,11.500414022838,0,14.3338493617981,5.16685267692721,4.66683467593425,0,5.50019801092251,7.66694268189199,5.58353434442134,0,7.25026101439786,0,0.250009000496478,0,0.166672666997652,0.333345333995304,0.0833363334988259,0,0.0833363334988259,179,138,0,172,62,56,0,66,92,67,0,87,0,3,0,2,4,1,0,1,0.221355567717021,0.215775616330292,0,0.254284150668722,-0.106501951626843,0.0436994667998115,1,0.167150241815014,3.89524533975904,2.39755554193548,8.16275408732394,3.97398586024096,4.53511432909091,4.9370256125,0,1,1,1,1,1,0,0,0,2,0,4,39,16,34,48,50,60,47,8,23,28,36,42,0.503139906451165,0.383195402192387,0.36589172416987,0.532804764529081,0.414578798684759,0.497000690188667,2.31291847865577,1.79739953802582,1.76322282474901,2.16236375650935,1.76212950102023,1.7787703340578,0.0423424257861344,0.0215533809724493,0.0138609734636225,0.0219562911883073,0.0127633955448525,0.00878716712293233,0.210031028574075,0.115371256292578,0.113254295373501,0.175715165633148,0.0975223452044644,0.0465715225376709,10.2718496322632,7.35264587402344,7.03599548339844,7.75338840484619,8.39982986450195,7.95107936859131,35.3388175964355,36.6154174804688,31.0191459655762,32.8547897338867,38.4881477355957,42.9624443054199,0.0269164535602613,0.0212794475766137,0.0174721956573647,0.0162390600850437,0.0182333715800418,0.0243195149912056,96.4685695599765,57.9652151986957,44.8685984481126,61.2862127609551,52.0380424894392,84.92374634929,-0.3858123,0.1817338,-1.252343,-0.7365445,-0.3521305
3,21,1,THREE_CHAMBER-exp,4,4,1,1.46071428571429,1.63971014492754,1.50586350422833,2,-0.157142857142857,0.473418235457121,3.34357596920907,0.339359308882351,0.319988482386424,0.173728813559322,0.483050847457627,31.5011340625562,0.0933489070288858,1063.47827501006,44.0849204208789,2022.5303030303,93.1204527394505,0.14433875511961,3.6011736,5.5800793826087,0.475378787878788,0.154089376053963,229,0,0,0.0132325141776938,0.0113421550094518,0.0586011342155009,0.054820415879017,0.0453686200378072,0.0434782608695652,1.23221771110804,1.05618660952118,5.45696414919275,5.10490194601902,4.22474643808471,4.04871533649785,0.583354334491782,0.500018000992956,2.5834263384636,2.41675367146595,2.00007200397182,1.916735670473,236,41.5433399744997,109.490243820172,45.7507552554387,0.446124763705104,1,19.6673747057229,1.56594370965736,0.446124763705104,41.5433399744997,19.6673747057229,0.0769230769230769,2.10702001743507,2.34266381018556,0.123202763963193,0.260240849920434,0.182269519734954,0.0779713301854799,0.376461432494566,0.43454895236502,0.0305727921601258,0.0645788224245428,0.52830133305507,0.0617190149479561,0.0644793650379569,0.085159979651997,7.449202,39.22841,0.0919638431638536,0.107616061494892,1.60353187853807,1.60353187853807,0.00751030864194036,0.0246554267410999,4.30956743970495,17.1305797876024,0.0154603580874241,0.192414483287812,498.212208157405,3.19683447082808,0.672348019476017,2.12023995222879,181,31.8616293872222,0.342155009451796,15.0838763632875,0.266199901872854,0.528830127310821,0.577804730230646,0.460709108017501,0.915240218091887,1,0.0807962799399626,0.0408796004006065,0.0732328175910606,0.0807962799399631,0.505958943047659,0.906388482804869,1,17.7506390352499,12.0004320238309,14.3338493617981,0,7.33359734789668,5.08351634342838,7.25026101439786,0,8.58364235037907,5.58353434442134,5.50019801092251,0,0.0833363334988259,0.41668166749413,0.0833363334988259,0,0.250009000496478,0.0833363334988259,0.166672666997652,0,213,144,172,0,88,61,87,0,103,67,66,0,1,5,1,0,3,1,2,0,0.282556727704702,0.222300354063315,0.254284150668722,0,0.0871055718253033,0.0257909074463405,0.167150241815014,1,3.46675479375,5.87810611428571,7.92150048648649,5.2823337244898,3.82113478674033,4.24662204285714,1,1,0,2,1,2,0,2,2,0,2,0,34,23,34,40,75,30,22,19,29,52,81,33,0.522229426202936,0.441723899985643,0.381544945121104,0.586081536060464,0.653327467234752,0.25555972448039,2.16189981001735,2.17581415265506,1.82207729670428,2.38729194088186,2.29271074953545,1.13493529481018,0.0471634325938962,0.0195064118298144,0.0413884129115917,0.0453806575309477,0.0245357291714908,0.0054566593942089,0.11110545084055,0.194934446044765,0.0834159218265179,0.127037127944834,0.213282082156254,0.00941713798677988,7.88107061386108,8.20088768005371,6.55078840255737,7.84809637069702,7.45955753326416,6.45393753051758,43.5444526672363,36.3784446716309,37.0612258911133,37.8514289855957,41.4694595336914,35.9981346130371,0.0307120899580276,0.0211878997542609,0.0178491723865544,0.0224291050471844,0.0291234942285196,0.0220977376077486,114.986064802855,67.08089062199,48.6389947533607,94.3368158284575,135.103889726102,38.1185973733664,0.6402016,0.3403159,-0.4715267,-0.2534818,0.2751736
4,21,1,THREE_CHAMBER-exp,1,1,1,1.775,2.11339869281046,1.53488940503639,1,1.1,0.542910977725906,3.38803984420027,0.255172199247286,0.450935521645667,0.260663507109005,0.52132701421801,18.5016097572257,0.0186308629372147,1123.45480401657,41.0869081545599,2443.4837398374,75.6789047196298,0.131489935863076,3.9345212,6.25489719837728,0.473577235772358,0.123446132596685,197,0,0,0.0283975659229209,0.0162271805273834,0.0933062880324544,0.0385395537525355,0.0649087221095335,0.0223123732251521,2.14909668575014,1.22805524900008,7.06131768175045,2.91663121637518,4.91222099600031,1.68857596737511,1.16676818288811,0.666724675936063,3.83366688663236,1.58347110534815,2.66689870374425,0.916746429412086,211,32.389957192377,110.33568928193,42.0044622508146,0.427991886409736,1.02926829268293,17.5848633278137,1.4736390401744,0.415821501014199,31.468915755627,17.0848198208616,0.181818181818182,2.23387513013956,2.28250070672431,0.100921191574501,0.185889023642937,0.108542253451039,0.0773467701918989,0.48983521521574,0.617507031120751,0.0480750230027727,0.0885504713943063,0.538902293204273,0.0386015847265686,0.0881537921258454,0.148056627031915,8.311502,41.08538,0.228892468638878,0.119436230594251,1.40584270174127,1.40584270174127,0.00531551544554532,0.0209107845498482,4.04667888900397,16.1205616238533,0.0134922352335345,0.181398259436334,487.63949570246,3.5696096990887,0.666751405883229,2.14001404370938,168,25.7891602290016,0.340770791075051,14.0012181946573,0.263702803627861,0.512679747948515,0.561489427049757,0.469648743010958,0.91307106287343,1,0.0905851174701202,0.0725812048646146,0.0866839392056615,0.0905851174701207,0.801248669667569,0.956933562891874,1,0,13.8345370256733,7.50065260428071,19.7517185246059,0,5.3337974074885,3.33362337968031,8.91744254064484,0,6.58390617486862,2.66689870374425,7.83401494224874,0,0.583384091444055,0.0833405844920078,0.500043506952047,0,0.333362337968031,0.0833405844920078,0.250021753476024,0,166,90,237,0,64,40,107,0,79,32,94,0,7,1,6,0,4,1,3,0,0.259536887802046,0.191698006014685,0.312012541914448,1,-0.0342488379099061,-0.0847601761519565,0.174901602873507,4.58689206956522,7.28110979591837,5.9184535,5.43313878348624,5.3036845625,4.9287930106383,2,2,1,2,2,5,1,3,0,2,1,1,31,24,8,53,51,38,31,24,2,44,71,39,0.278125361798689,0.553203510315604,0.250882214009836,0.706592261560192,0.742084423553384,0.727020414971597,1.3507913488287,2.16255660826787,1.42683966444963,2.43986290561754,2.27683046017842,2.46864188480901,0.0225252969643643,0.0338018385162202,0.0611529448813063,0.0900131984161901,0.0381272142079793,0.0428269592534589,0.059939333595758,0.0921295760298238,0.0783665379236248,0.0664042420172737,0.162095074906801,0.14661619297384,6.83689737319946,9.47408866882324,11.2338581085205,7.57091951370239,8.22840595245361,8.32354831695557,44.6527824401855,41.7389831542969,48.7707290649414,38.8509521484375,40.2685813903809,39.5750999450684,0.0292564747829655,0.0203799896979789,0.0132411302122671,0.0210785993220093,0.0184192067321582,0.0231573535570185,57.8985635954887,80.5620992761105,23.847275512293,106.784184165299,98.0270182285458,120.371923789382,1.130615,-0.045224,-0.766142,0.04115666,1.193319
4,21,1,THREE_CHAMBER-exp,2,2,1,1.4875,1.32777777777778,1.67533291626645,3,-0.0500000000000007,0.493758375170591,3.2948200405608,0.38013014089956,0.307210531209129,0.312236286919831,0.40084388185654,30.7526756775509,0.0923846577480753,969.017754775112,39.4200964647197,2570.59110169492,79.8368158334535,0.126535576601393,3.5344004,5.70573952642706,0.478813559322034,0.132964794879255,224,0,0,0.0274841437632135,0.0295983086680761,0.0591966173361522,0.0782241014799154,0.0317124735729387,0.0486257928118393,2.19424652396384,2.3630347181149,4.72606943622981,6.24516318358939,2.53182291226597,3.88212846547448,1.0834275983961,1.16676818288811,2.33353636577622,3.08360162620429,1.25010876738012,1.91683344331618,237,40.0028020138023,133.646741085713,47.2554744366501,0.501057082452431,1.2741935483871,19.7517185246059,1.5772363207139,0.39323467230444,31.394604112098,15.5013487155135,0.259259259259259,2.15365056651136,2.33669550964968,0.219928892100014,0.445418048907079,0.38484699732046,0.0605710515866192,0.231703849341111,0.297664214737385,0.0201019532287247,0.0407121260915921,0.406724176205559,0.05813851690424,0.0404276008266866,0.0490071318915302,6.744954,42.24605,0.153477930532062,0.0862687814294471,1.56656015208032,1.56656015208032,0.00589778879657388,0.0237413210375721,3.10144544465455,12.2653832347145,0.0169698284798428,0.214621494170749,502.105198623613,2.97264409572853,0.692474735228128,2.14001404370938,201,33.926427024364,0.424947145877378,16.7514574828936,0.263702803627861,0.512679747948515,0.561489427049757,0.469648743010958,0.91307106287343,1,0.0905851174701202,0.0725812048646146,0.0866839392056615,0.0905851174701207,0.801248669667569,0.956933562891874,1,13.8345370256733,0,11.5843412443891,14.0012181946573,6.58390617486862,0,5.75050032994854,7.4173120197887,5.3337974074885,0,5.08377565401248,5.08377565401248,0.333362337968031,0,0.333362337968031,0.416702922460039,0.583384091444055,0,0.250021753476024,0.333362337968031,166,0,139,168,79,0,69,89,64,0,61,61,4,0,4,5,7,0,3,4,0.259536887802046,0,0.237993787707565,0.27597151978856,-0.0342488379099061,1,0.184086348437121,0.127316462717011,6.36425908831169,6.01372035714286,5.05681124878049,5.207905646,4.8782957171875,3.31001893176471,5,3,0,2,2,1,4,1,1,2,4,2,28,15,12,41,51,39,45,29,22,46,59,36,0.860569152754301,0.265695695463913,0.357840821732566,0.568518304119295,0.541181374024591,0.368989259667689,2.51081607630434,1.43070517045977,1.80764933928489,2.35841762811078,2.01205935658728,1.83878989911656,0.0378910320235256,0.00812744575914048,0.0131614289551437,0.0375622293745803,0.0113135897376525,0.0125520104530585,0.436038622733693,0.165049667724084,0.198352274306038,0.209086067566629,0.15624146155093,0.154771061337584,5.97720956802368,8.46208667755127,6.36531972885132,6.20845746994019,7.15191268920898,7.94685220718384,41.6479644775391,39.7925720214844,37.5395355224609,43.6427841186523,44.7545280456543,44.1433067321777,0.0241219937209442,0.0195833925669253,0.0199876381153634,0.0274333892860256,0.0215956731362217,0.0269311945971454,148.929189233109,37.2280292697251,51.0284401085228,111.626461004838,83.2081285938621,69.9672435633838,0.1530012,0.01646231,0.743261,-0.586453,-0.1614357
4,21,1,THREE_CHAMBER-exp,3,3,1,1.6375,1.325,1.4059754761331,2,0.55,0.391044819899097,3.45313200675152,0.295753884416675,0.399926729570522,0.228187919463087,0.496644295302013,39.1700747112437,0.0676925598862852,958.837064648712,30.1692915861068,3289.30470914127,77.1504698461204,0.143942818453327,3.6010872,6.71666870552486,0.426592797783933,0.121951219512195,142,0,0,0.0193370165745856,0.0165745856353591,0.0580110497237569,0.0635359116022099,0.0386740331491713,0.0469613259668508,1.4918599141515,1.27873706927271,4.4755797424545,4.90182543221207,2.983719828303,3.62308836293936,0.583384091444055,0.500043506952047,1.75015227433216,1.91683344331618,1.16676818288811,1.41678993636413,149,31.7553038869391,116.486547600064,37.0885110852142,0.411602209944751,0.892215568862275,12.4177470893092,1.53469299545168,0.461325966850829,35.5915150947572,13.9178776101653,0.153846153846154,1.82787863984476,2.20539461835482,0.127695492691602,0.326549505820208,0.254101386309039,0.0724481195111696,0.107840623956124,0.245082011879462,0.0101466928496885,0.0259476467487964,0.483484900226413,0.0514708930372663,0.0258469750116957,0.112547054167316,7.779517,40.57996,0.143796745736749,0.140647915639391,1.65802797884709,1.65802797884709,0.0064874617382884,0.0187142050062679,3.32152721659784,13.8513266428746,0.0173457208762481,0.231815251722672,309.289666138589,2.65090808503149,0.699092309072727,2.14001404370938,103,21.9516530225149,0.284530386740331,8.58408020267681,0.263702803627861,0.512679747948515,0.561489427049757,0.469648743010958,0.91307106287343,1,0.0905851174701202,0.0725812048646146,0.0866839392056615,0.0905851174701207,0.801248669667569,0.956933562891874,1,7.50065260428071,11.5843412443891,0,11.084297737437,2.66689870374425,5.08377565401248,0,4.66707273155244,3.33362337968031,5.75050032994854,0,4.83375390053645,0.0833405844920078,0.250021753476024,0,0.250021753476024,0.0833405844920078,0.333362337968031,0,0.0833405844920078,90,139,0,133,32,61,0,56,40,69,0,58,1,3,0,3,1,4,0,1,0.191698006014685,0.237993787707565,0,0.218671458653674,-0.0847601761519565,0.184086348437121,1,0.103751507373691,6.38764277142857,7.8113013902439,4.93586518125,4.34494814181818,6.02188974623656,4.73201687294118,2,2,0,2,1,0,2,0,1,1,0,2,29,24,12,24,46,32,20,14,17,24,38,36,0.427235047583764,0.266797878991363,0.263409189845045,0.450723597378841,0.50517516845347,0.43329688354292,1.91800369545992,1.39878717386163,1.32686174354134,2.00269284613393,1.97048939006904,2.01411435940283,0.0207330909764512,0.00507560145414129,0.00553409838191299,0.012758468983722,0.00658068400213027,0.0101982189026142,0.136253965313636,0.0832287493921782,0.0736706586271731,0.167434644684743,0.150971357121356,0.154627424451631,7.44501113891602,8.16591930389404,7.40209674835205,7.40500545501709,8.41190433502197,7.74252414703369,38.4928245544434,38.1270141601562,41.7551498413086,40.7767906188965,43.2496376037598,40.1159934997559,0.0209732247928178,0.0183281611764371,0.0186187325078284,0.0156479564366541,0.0181452465682139,0.0206145074169414,63.4859514478594,34.3836303669959,34.8728859871626,49.5414300784469,64.397480070591,62.5650300104171,-0.1784976,0.6530344,-0.8676345,-0.8580199,-0.4142368
4,21,1,THREE_CHAMBER-exp,4,4,1,1.1,1.23382352941176,1.38380220256405,4,-1.6,0.49446621216893,3.36439257167257,0.35513716787476,0.315426182286379,0.267605633802817,0.417840375586854,27.0856899599025,0.13532319098807,948.690376559605,44.8372344567002,2227.00744878957,90.6780551496651,0.152210734351267,3.7011174,6.04290247249071,0.465549348230912,0.1543867120954,205,0,0,0.0148698884758364,0.0260223048327138,0.0557620817843866,0.0855018587360595,0.0408921933085502,0.0594795539033457,1.34837256728127,2.35965199274221,5.05639712730474,7.75314226186727,3.70802456002348,5.39349026912506,0.666724675936063,1.16676818288811,2.50021753476023,3.83366688663236,1.83349285882417,2.66689870374425,213,35.9004196038637,97.1019992459841,39.2676413507466,0.395910780669145,0.845238095238095,17.7515444967977,1.54846911615808,0.468401486988848,42.4737358693598,21.001827291986,0.181818181818182,2.10923706084495,2.24348073557692,0.106041238259323,0.214455984351657,0.132887590757736,0.0815683935939205,0.249362701908957,0.501980823333525,0.0304802176154924,0.0616426701468515,0.558021727218657,0.0692030178947484,0.0615130998674637,0.0966766003880864,7.640751,41.60336,0.085750547551512,0.0882386623037728,1.63136631079071,1.63136631079071,0.0066146794706583,0.0218465282747444,4.54679887724079,16.9621252571256,0.0156990144545249,0.19737496678758,462.185152180493,3.31401710838261,0.667997933587492,2.14001404370938,165,27.8101842001761,0.306691449814126,13.7511964411813,0.263702803627861,0.512679747948515,0.561489427049757,0.469648743010958,0.91307106287343,1,0.0905851174701202,0.0725812048646146,0.0866839392056615,0.0905851174701207,0.801248669667569,0.956933562891874,1,19.7517185246059,14.0012181946573,11.084297737437,0,7.83401494224874,5.08377565401248,4.83375390053645,0,8.91744254064484,7.4173120197887,4.66707273155244,0,0.250021753476024,0.333362337968031,0.0833405844920078,0,0.500043506952047,0.416702922460039,0.250021753476024,0,237,168,133,0,94,61,58,0,107,89,56,0,3,4,1,0,6,5,3,0,0.312012541914448,0.27597151978856,0.218671458653674,0,0.174901602873507,0.127316462717011,0.103751507373691,1,4.19342289411765,6.85689471842105,3.54551486666667,5.01437938245614,5.03169662840237,6.06251408717949,1,1,2,1,2,1,3,4,1,2,2,2,31,38,19,53,79,32,23,34,10,57,59,30,0.347618496306759,0.706119897191284,0.329512721479711,0.647968138560215,0.65687822724431,0.278933565623523,1.75422275662796,2.56874054301361,1.69508774107755,2.44303411119437,1.8724680770027,1.40685025316674,0.0306666357931785,0.0259244680112071,0.0163892670908704,0.0745502118693125,0.0209275939518837,0.0144146565225047,0.0903327390186862,0.169889086993771,0.0848222141950781,0.143015259221525,0.088475698705629,0.0596880762850868,8.62909603118896,9.1774730682373,7.11260557174683,6.38230466842651,7.56367969512939,6.89241123199463,40.7099609375,40.4765357971191,44.1040191650391,43.7380485534668,38.941032409668,43.9303741455078,0.0299673087954881,0.0196049133047379,0.0183839247998981,0.0207129225713964,0.0209612213051301,0.0261129146377456,74.4687623567879,99.0832318421453,43.2941429037601,96.0665348861367,98.1823605932295,50.6329414825886,-0.3039344,0.7238419,-0.7211094,-0.6787103,0.5691941
